,Type,Time,Text
0,BTC,13 April 2023 at 12:12 am,Join the most important conversation in crypto and web3! Secure your seat today A large bitcoin investor sent some $330 million in bitcoin (BTC) to crypto exchange Bitfinex on Wednesday according to blockchain sleuth Lookonchain According to Bitcoin blockchain data the bitcoin whale transferred 11000 BTC tokens to a Bitfinex wallet at a BTC price of $30114  Whales are crypto investors who control large amounts of digital assets Their purchases and sales can have a sizable impact on markets thus crypto watchers closely follow their behavior to anticipate market movements See more: Data Suggests Whales Are Taking Profits as Bitcoin Price Rally Stalls The transfer may indicate the investor who controls the wallet is realizing profits after bitcoin’s remarkably strong performance this year Blockchain transactions show the wallet had been accumulating BTC between June 2022 and January 2023 at an average price of $20083 per data by Bitinfocharts a website that tracks the on-chain behavior of largest bitcoin holders Until mid-March the wallet was the 14th largest BTC holder controlling more than $12 billion of tokens Then the investor transferred 16000 BTC ($427 million) on March 17 and 9500 BTC (266 million) on March 19 from their wallet to Bitfinex Lookonchain tagged the investor as a smart whale after their profitable maneuvers A smart whale transferred 11K $BTC ($330M) to #Bitfinex 1 hr agoThe whale received 46542 $BTC ($935M ) from #Bitfinex at an average price of $20083Then transferred 365K ($1B) to #Bitfinex at a price of $28039Currently holds 10042 $BTC ($304M ) the profit is $390M pictwittercom/0b5AFFwr3f— Lookonchain (@lookonchain) April 12 2023 The latest maneuver came as BTC the largest cryptocurrency by market capitalization has been outperforming the broader crypto markets in the past month CoinDesk Indices data over the past month shows that only seven of the 166 assets in the CoinDesk Market Index (CMI) have outperformed BTC which was up 47% BTC was recently trading at around $29900 roughly flat over the past 24 hours
1,BTC,19 April 2023 at 4:36 pm,Join the most important conversation in crypto and web3! Secure your seat today Bitcoin (BTC) slid more than 3% in just 15 minutes during European morning hours on Wednesday taking the largest cryptocurrency by market capitalization to below $30000 Further declines took it as low as $29000 CoinDesk data shows While the sell-off didn't appear to stem from any fundamental reason immediately an unusually large sell order on crypto exchange Binance and an unexpectedly high UK March inflation figure of more than 10% may have influenced market sentiment  Also in the mix: a so-called long squeeze More than $25 million in bitcoin futures were liquidated Longs or bets on rising prices made 98% of the positions The hotter-than-expected UK CPI may have weighed over risk assets including BTC But the gravity of the reaction has been far far more severe than in other asset classes Vetle Lunde a senior analyst at K33 Research told CoinDesk using the acronym for consumer price index Seems to be more of a leverage washout Binance OI in BTCUSDT perps fell 51% in 15 minutes effects more severe in ETH with larger liquidation volume than BTC Lunde said referring to open interest or the total number of contracts in the futures market and also to perpetual futures contracts Prominent pseudonymous crypto Twitter trader @52kskew pointed out that a 16000 bitcoin sell order worth over $467 million at current prices preceded the dump which may have initiated the long squeeze 16K BTC is unusual size to be market sold solely from Binance spot usually the kind of sale happens before bad news comes out @52kskew opined in a follow-up tweet $BTC Spot CVDs 16K BTC sold at market from binance spot Other spot exchanges had pretty typical size being soldInteresting selloff here pictwittercom/9SmirkSM7b— Skew Δ (@52kskew) April 19 2023 Liquidation refers to when an exchange forcefully closes a trader’s leveraged position due to a partial or total loss of their initial margin It happens when the investor is unable to meet the margin requirements for a leveraged position meaning they don't have sufficient funds to keep the trade open Story continues Large liquidations can signal the local top or bottom of a steep price move which may allow traders to position themselves accordingly The slide led to a sell-off in the broader crypto market with ether (ETH) polygon (MATIC) and dogecoin (DOGE) all falling by about 5% in the past 24 hours and solana (SOL) losing nearly 9% CoinDesk's Omkar Godbole contributed reporting to this story UPDATE (April 19 09:10 UTC): Rewrites headline; adds analyst comment in third paragraph UK inflation wider market in last paragraph UPDATE (April 19 10:13 UTC): Adds tweets in the fourth paragraph mentioning Binance's market data
2,BTC,28 April 2023 at 5:03 am,Join the most important conversation in crypto and web3! Secure your seat today A day after crypto markets went on a roller-coaster ride bitcoin (BTC) held steady over $29500 as investors weighed sluggish US economic growth data and the latest banking sector woes The largest cryptocurrency by market capitalization was recently trading at around $29600 up about 4% over the past 24 hours BTC dipped slightly during US morning trading Thursday after the Commerce Department reported a tepid 11% gain in GDP for the first quarter – below expectations of 2% annualized and disappointing personal consumption data before rebounding  Ether (ETH) the second-largest cryptocurrency by market value followed a similar pattern jumping almost 3% over the past 24 hours to change hands at around $1920 The CoinDesk Market Index (CMI) which measures overall crypto market performance was up over 6% for the day Bob Baxley chief technology officer at decentralized finance (DeFi) platform Maverick Protocol said that bitcoin’s performance in recent days reflects investors’ confidence in the crypto’s ability to hold value even during unsettling events Bitcoin and other crypto assets have clearly been performing as the sort of safe haven that many had hoped this technology class would become Baxley told CoinDesk in an email Baxley noted that BTC ETH and other major digital assets rose Wednesday just hours after embattled regional bank First Republic’s shares plummeted by nearly 50% I suspect that much of this has to do with a broadening realization among more people and organizations of the core value proposition of bitcoin and [ether] among others – namely that they’re decentralized censorship-resistant forms of value that lack counterparty risk he said It’s hard not to see this value at a time when banks are looking as unsteady as they are now he said He added that such a boom likely has something to do with intensifying expectations of more bailouts of wobbling financial institutions – or what those in the crypto asset community refer to as the ‘money go brrr’ scenario Story continues He foresees a likely policy shift by the US Federal Reserve because the central bank’s present monetary hawkishness risks inflicting serious damage The CME FedWatch Tool is currently showing an 87% probability of a 25-basis point interest rate hike at next week’s Federal Open Market Committee (FOMC) monetary policy meeting Equity markets rallied on Thursday with the S&P 500 recently closing up 19% and the tech-heavy Nasdaq Composite jumping 24% The Dow Jones Industrial Average (DJIA) rose 15% for the day
3,BTC,9 May 2023 at 6:19 pm,US secretary Janet Yellen said that failure to raise the US debt ceiling could have dire consequence for the national and global economy Bitcoin was trading flat on Tuesday Photo: Alex Wong/Getty Bitcoin (BTC-USD) charts revealed two bullish signals after US treasury secretary Janet Yellen warned the US could be out of cash and unable to pay its bills by early June Bitcoin was trading flat at $27578 (£21854) on Tuesday In the past two days bitcoin reserves across all cryptocurrency exchanges have fallen according to data from CryptoQuant This could suggest investors are taking their digital assets off exchanges and transferring them to cold storage in order to hold in speculation that prices will rise Read more: Crypto live prices Another bullish price movement indicator comes from the CoinDesk Bitcoin Trend Indicator (BTI) that shows long-term holders continue to increase their bitcoin holdings Since 31 March the 30-day change in long-term supply defined as coins held for 155 days or more has been trending upward indicating bullish sentiment and dormant supply The BTI shows that bitcoin is in an uptrend with prices up 68% year-to-date  It comes as US treasury secretary Janet Yellen said that failure to raise the US debt ceiling could have dire consequence for the national and global economy Yellen told ABC News on Sunday that if the US federal government fails to reach an agreement on raising its borrowing limit it could face a shortage of funds by early June Consequently the government may struggle to make payments for wages welfare and other obligations As I said this morning President Biden has presented a detailed budget that does cut deficits by $3 trillion over ten years while investing in the strength of the American economy But we do need to raise the debt ceiling to avoid economic calamity pictwittercom/7z2WCxoJLg— Secretary Janet Yellen (@SecYellen) May 7 2023 Yellen said: If the debt ceiling is not raised by June the Treasury would then find itself in the position where it is unable to pay all of the bills that are due that day and this would be the first time in the history of America that we would fail to make payments that are due Story continues Read more: Belgium's digital minister says EU will 'bring order to crypto' and create its own blockchain | The Crypto Mile Whether this is to default on interest payments or payment for social security recipients we would simply not have enough cash to meet all of our obligations so it is widely agreed that financial and economic chaos would then ensue It's Congress's job to do this and if they fail to do it we will have an economic and financial catastrophe that will be of our own making she added Watch: Belgium's digital minister: EU plans to 'bring order to crypto' and create its own blockchain | The Crypto Mile  {@context:https://schemaorg@type:VideoObjectname:Belgium's digital minister: EU plans to 'bring order to crypto' and create its own blockchain | The Crypto Miledescription:On this week's episode of The Crypto Mile our host Brian McGleenon interviews Belgium's digital minister Mathieu Michel who discusses the EU's plans to \bring order to crypto\ and develop its own official regulated blockchain Michel emphasises the need for trust and regulation in the rapidly evolving crypto ecosystem and asserts that crypto should be viewed not merely as a currency but as a document of value a means to exchange value credentials property ownership and a way to protect privacy The conversation also covers the EU's MiCA (Markets in Crypto Assets) legislation with Michel explaining that the new regulatory framework aims to strike a balance between innovation security and privacy without hindering progress By establishing trust through clear proactive regulatory guidelines Michel believes MiCA can help Europe build a robust ecosystem and capitalise on the upcoming wave of web3 innovation The EU is also focused on creating a safe investment environment and plans to develop concrete blockchain applications in 2024 with the creation of 'Europeum' a blockchain for Europe This official blockchain will concentrate on the exchange of data related to the bloc's citizens such as driving licenses identity cards and property deedsthumbnailUrl:https://syimgcom/uu/api/res/12/IISBtJaFVuJsgn1CR01w--~B/aD01NDA7dz05NjA7YXBwaWQ9eXRhY2h5b24-/https://syimgcom/os/creatr-uploaded-images/2023-05/9cb122d0-eb57-11ed-9bbb-4b1666605587uploadDate:2023-05-08T23:01:26Zduration:PT8M21ScontentUrl:https://videomediayqlyahoocom/v1/video/sapi/hlsstreams/06f71212-75d7-3f8a-9fd0-fea887929a16m3u8site=finance&region=SG&lang=en-SG&devtype=desktop&src=sapiembedUrl:https://sgfinanceyahoocom/video/belgiums-digital-minister-eu-plans-230126792htmlformat=embedidentifier:06f71212-75d7-3f8a-9fd0-fea887929a16} Download the Yahoo Finance app available for Apple and Android
4,BTC,13 May 2023 at 2:47 am,Bitcoin (BTC) has plunged more than 10% over the past 7 days to a two-month low just above $26000 alongside a sizable reversal in the previous red-hot memecoin sector The world’s largest cryptocurrency traded at around $26300 at press time a level not seen since March 17 Bitcoin’s high for the week came on Wednesday morning when it rose to $28300 following softer than expected CPI data on Wednesday Bitcoin might break below $26000 over the weekend but it’s well bid right now said Laurent Kssis crypto advisor at CEC Capital Clearly there are no fundamentals holding BTC up any longer and traders are concerned but it feels a short term play to increase BTC holdings at these lower levels he added Bitcoin is traded at a two-month low on Friday (TradingView)  Oanda analyst Ed Moya believes bitcoin is still subject to further downside pressure until the US sees regulatory clarity Ether (ETH) was also lower for the week though it did outperform bitcoin by a bit It’s currently at $1770 versus its weekly high of $2020 touched last Saturday Helping to sour the mood in bitcoin were tumbling prices for some memecoins notably pepecoin (PEPE) which is now lower by more than 60% over the past week of trade The new token based on pepe the frog debuted on April and quickly rose to more than a $1 billion valuation That’s now been trimmed to roughly $560 million PEPE's market capitalization (CoinGeko) Other memecoin decliners included dogecoin (DOGE) and Shiba Inu (SHIB) each of which lost about 11% over the last 7days The hype of meme coins is usually exciting but often followed by a market crash similar to what we saw with DOGE and SHIB two years ago said Youwei Yang chief economist at publicly traded bitcoin mining company BTCM The market correction for memecoins this week is largely due to the calm down of the FOMO (fear of missing out) sentiment with these new memecoins Altcoins were not spared in the selloff with Aptos’ (APT) shedding 20% and Filecoin (FIL) and Aribitrum’s (ARB) each off about 17%
5,BTC,16 May 2023 at 5:03 pm,Bitcoin (BTC) and ether (ETH) the world's top two cryptocurrencies by market value moved in tandem for much of 2022 That positive relationship has weakened this year signaling an impending regime change in the market As of Monday the 30-day rolling correlation between changes in bitcoin and ether prices was 77% the lowest since 2021 and notably weaker than 96% seen two months ago according to crypto data provider Kaiko Ether in the past has decoupled from bitcoin for brief periods The latest weakening of correlation may be long-lasting meaning bitcoin the world's largest and most liquid digital asset may no longer anchor ether and the broader market according to Pulkit Goyal Vice President of trading at OrBit Markets an institutional liquidity provider of options and structured derivatives in digital assets  What we are seeing could be the beginning of a long-term regime change As Ethereum has shifted from PoW to PoS the economics of supply and demand underlying the 2 tokens will continue to diverge Goyal told CoinDesk Bitcoin will cement its status as the digital gold or a blue-chip stock while Ether will be seen as a growth stock or an emerging market Goyal added Kaiko's latest weekly newsletter said voiced a similar opinion in the weekly newsletter saying Both BTC and ETH seem increasingly driven by divergent idiosyncratic factors In September 2022 Ethereum the world's largest smart contract blockchain transitioned from the energy-intensive proof-of-work consensus mechanism of verifying transactions to the proof-of-stake setup Recently Ethereum implemented the Shapella upgrade de-risking the passive investing strategy of locking or staking coins in the smart contract platform in return for rewards The amount of ether burned by the network is closely tied to the degree of network usage Bitcoin meanwhile continues to be a macro asset taking cues from inflation figures and expected changes in fiat liquidity and retaining its appeal as a hedge against traditional finance Bitcoin's pace of supply expansion is halved every four years through a programmed process called mining reward halving The fourth halving is due next year Story continues Post the transition to a proof-of-stake governance mechanism it is possible that Ether is seen as a different asset class in the same sphere and this might change but for the time being Bitcoin is more governed by macroeconomic factors and institutional investment while Ethereum although affected might just be less correlated to the macroeconomic conditions for the better or worse analysts at Bitfinex said in an email It's a good move for the crypto market as these two assets can be viewed now from the perspective of price action as to different asset class although in the same sphere Bitfinex analysts added The decoupling between the two might boost trading activity in bitcoin-ether pairs listed on major exchanges including Binance For traders the decoupling could present new opportunities to capture the relative value between the 2 tokens without involving the dollar In fact demand for options in the BTC/ETH cross has picked up lately in the OTC space Goyal said (UPDATE May 16 2023 09:37 UTC): Adds comments from Bitfinex
6,BTC,18 May 2023 at 8:13 pm,This article originally appeared in First Mover CoinDesk’s daily newsletter putting the latest moves in crypto markets in context Subscribe to get it in your inbox every day Latest Prices  Top Stories  Bitcoin is up on Thursday after gaining ground late Wednesday alongside a rally in US equity markets on optimism that a debt-ceiling deal will be reached in the upcoming days The world’s largest cryptocurrency by market value began its rise Wednesday after touching a weekly low of $26500 At press time BTC was trading at around $27400 up 3% on the day Following a meeting at the White House US President Joe Biden and Congressmen from both sides of the aisle emphasized their commitment to soon reach a deal to raise the federal government's debt ceiling Ripple is starting a central bank digital currency (CBDC) platform which allows central banks governments and financial institutions to issue their own digital currency Using Ripple's platform government institutions can manage and customize the entire life cycle of the CBDC which includes minting distribution redemption and token burning Financial institutions would also be able to manage and participate in inter-institutional settlement and distribution functions using the CBDC Central banks can issue both wholesale and retail CBDCs which can make offline transactions as well The platform is an enhanced version of Ripple's Private Ledger which was started in 2021 for issuing CBDCs Bitcoin Frogs the newly-launched non-fungible token (NFT) fashioned after frogs has become the most-traded collection in the past 24 hours surpassing even prominent collections such as Bored Apes Bitcoin Frogs which launched in late February on Bitcoin Ordinals reached a trading volume of over $22 million data from CryptoSlam show The collection describes itself as 10000 unique frog collectibles minted directly on the Bitcoin Blockchain At the time of writing each NFT was selling for 012 bitcoin (BTC) or more than $3200 Buyers and sellers are paying trading fees ranging from $50 to over $1200 as of Thursday Story continues Chart of the Day Matrixport Matrixport's Bitcoin Greed and Fear Index has improved to 39 in the week ended May 17 from 22 in the preceding weekThe latest reading of 39% is almost jumping above the 21-day moving average (44%) and flipping could signal that short-term traders could expect higher prices when this flipping occurs Matrixport's daily note said Trending Posts US Bitcoin Corp to Host 150K Crypto Mining RigsBinance Australia Halts Australian Dollar Bank TransfersCrypto Perpetuals Exchange DYdX Considering the Launch of More SubDAOs
7,BTC,24 May 2023 at 5:49 am,Investors are hanging onto their bitcoin (BTC) longer than ever – HODLing in industry parlance – according to data from Glassnode The proportion of BTC that’s been held for at least a year has climbed to a record 68% Glassnode data shows while 55% of bitcoin has been held for at least two years and 40% for three years Many analysts consider it bullish when BTC sits dormant on grounds that investors are choosing to hold on rather than sell The prevalence of buy-and-hold in crypto contrasts with the long-term shift in US stocks a market where investors now hold assets for dramatically less time than they used to BTC: supply last active 1yr + age bands (Glassnode)  Sean Farrell head of digital assets research at FundStrat said that being a long-term holder has tended to get more popular over time The exception is when markets get frothy and investors who bought dips sell their older coins to eager buyers The trend is bullish insofar it means that higher prices are ahead in this cycle and any reticence to sell from current HODLers could result in a mini-supply squeeze said Farrell He added that looking at long-term holder supply metrics is not necessarily useful for short-term price signals Long-Term-Holder Supply which Glassnode deems as coins held for longer than 155 days has also seen a new all-time high — reaching 1446 million bitcoin This reflects coins acquired immediately after the FTX failure maturing into long term holder status said the report Bitcoin long term/short term holder threshold (Glassnode) Glassnode’s Liveliness metric – which compares the relative balance between HODLing and spending behavior – also shows investors are hanging on It has fallen to the lowest level since December 2020
8,BTC,24 May 2023 at 4:01 pm,Bitcoin slid under the $27000 level during the Asia trading day which lead to a market-wide decline in major cryptocurrencies as traders in broader equity markets reacted to poor UK inflation figures The hotter-than-expected UK core Consumer Prices Index (CPI) rate came in at 68% – the highest since 1992 – against an expected figure was 62% This means gains in core prices excluding food energy and tobacco accelerated by 68% last month from 62% in March The figures are higher than expected for the third month in a row dampening hopes of an economic recovery As such it is likely to add to pressure on the Bank of England to keep raising interest rates in the coming months  In the past 24 hours bitcoin (BTC) lost 2% to trade under the psychological resistance level of $27000 reversing all gains from earlier this week Ether (ETH) traded at just over $1800 while solana (SOL) and BNB tokens showed nominal losses (Omkar Godbole contributed reporting) 
9,BTC,30 May 2023 at 8:17 pm,This article originally appeared in First Mover CoinDesk’s daily newsletter putting the latest moves in crypto markets in context Subscribe to get it in your inbox every day Latest Prices  Top Stories  Bitcoin (BTC) climbed above $28000 after an agreement on a deal to raise the US debt ceiling but the crypto still appears on track for its first monthly loss since December The leading cryptocurrency by market value traded as high as $28400 late Sunday up from about $25900 the previous week At press time bitcoin is changing hands at just under $28000 Prices however were still down about 5% for May in what would be the first monthly decline of the year assuming things hold through Wednesday Ether (ETH) at the moment is up modestly in May after trading in a tight range for most of the month Analyst Matteo Bottacini at Crypto Finance AG said in a morning note that he sees potential for ether and other altcoins to outperform thanks to positive narratives surrounding the Ethereum network such as the all-time high in staked ether The European Central Bank (ECB) has finalized prototypes for a digital euro as it prepares to take a decision later this year over whether to develop the EU's fiat currency in a new format according to reports released on Friday The ECB says its potential central bank digital currency (CBDC) can be designed to boost innovation but appears more skeptical about using Web3-style distributed ledger technology and smart contracts This exercise shows that it is possible to smoothly integrate the digital euro design choices into the existing payment landscape while leaving ample scope for innovative features and technologies ECB Executive Board member Fabio Panetta said in a letter to the European Parliament’s Irene Tinagli adding that findings will serve as input for both the functional and technical design of a digital euro Criminal charges against Sam Bankman-Fried – including technicalities around his extradition back to the US and campaign finance violations – are valid prosecutors said in court filings from Monday US lawyers were responding to early May pretrial motions from Bankman-Fried’s attorneys to dismiss most charges levied against him Lawyers for the former head of failed crypto exchange FTX cited procedural issues the irrelevance of some US laws given FTX's non-US location and allegations that exceeded the agreed extradition terms Bankman-Fried’s motions did not seek to dismiss securities fraud and money laundering charges With regards to Bankman-Fried’s argument that the Bahamas needed to approve any charges prior to extradition prosecutors contended that the US treaty with the Caribbean nation allows for post-extradition charges with the consent of the extraditing country and any charges presented post-extradition in new indictments do not violate this rule Story continues Chart of the Day IntoTheBlock The chart shows 14 million addresses have accumulated over 70000 bitcoin in the price range of $27167 and $27976The range is likely to act as a solid support according to onchain analyst Ali Martinez Trending Posts Blockchain-Based Render Network's Token Tracks Tech Stocks as Broader Crypto Market DecouplesGemini and Bankrupt Lender Genesis Ask US Court to Dismiss SEC Lawsuit Targeting Earn ProgramBitcoin's Short-Term Holders Are Again Selling at Profit
10,BTC,30 May 2023 at 9:21 pm,The bitcoin mining difficulty - a measure of how easily miners can discover a block of bitcoin - is set to surpass the 50T mark on Wednesday setting a new all-time high and it’s could continue to grow further The rally in bitcoin prices this year and rise in popularity for the Ordinals protocol has led to better profitability for the miners and miners are continuously deploying more mining machines as planned These factors contribute to more computing power which leads to record difficulty levels The bitcoin mining difficulty adjusts automatically as the more computing power or hashrate gets added to the network in order to keep the time required to mine a block stable at about 10 minutes  New-generation machines will continue to get plugged in as rack space is made available said Ethan Vera chief operating officer at mining services firm Luxor Technologies Read more: Bitcoin Mining Difficulty: Everything You Need to Know Meanwhile the popularity of the ordinals protocol has led to transaction fees three times higher than normal adding to miners’ revenue Vera said Ordinals enable additional functionality on the bitcoin blockchain such as non-fungible tokens and other coins which in turn increase the number of transactions making mining a block more profitable The difficulty of mining a bitcoin block is set to hit 50T on Wednesday doubling in two years (CoinDesk/Sage D Young) An increase in difficulty means a decline in profitability for miners because their chances to win any single block and bring in revenue becomes slimmer Marathon Digital Holdings (MARA) one of the biggest miners noted that its monthly mined bitcoin was lower month-on-month as difficulty rose in April Similarly Canadian miner Bitfarms (BITF)’s fourth quarter slid to a loss due to higher difficulty Read more: Bitcoin’s High Fees Brought Back Bull Market-Level Mining Revenue But Not for Long However a few events could dampen the growth of the hashrate The lack of positive bitcoin price movement and constraints in available infrastructure could be some of those catalysts according to Tim Rainey Treasurer at Greenidge Generation Holdings (GREE) Story continues Uncertainty around the next Bitcoin halving event could also slow down the increase of mining difficulty according to Charles Chong senior manager of business development at Foundry Foundry is owned by CoinDesk’s parent company Digital Currency Group Meanwhile having too much hashrate in one region could also affect the growth of the bitcoin mining difficulty as it may change how mining rigs are deployed Given the concentration of hashrate in North America we are seeing new seasonal trends said Colin Harper head of content and research at Luxor Technologies Previously the hashrate would increase during China’s rainy season when cheap hydropower was plentiful Instead now when summer heatwaves sweep through the US miners power off their machines to save the energy required for cooling Read more: Bitcoin Mining Difficulty Poised to Spike by Most Since January Amid Colder Weather
11,BTC,1 June 2023 at 4:26 am,Bitcoin is on track to post its first monthly loss of 2023 as the cryptocurrency hovers above $27000 Yahoo Finance crypto reporter David Hollerith takes a look at how the cryptocurrency has traded over the last year and how other digital assets are faring so far in 2023 Video transcript - All right Let's take a look at crypto Bitcoin sliding over 7% in May Headed for its first in negative month in just about a year here David Hollerith-- of the year Excuse me David Hollerith is here with a closer look at the declines that we're seeing in that space David DAVID HOLLERITH: Hey Seana Yeah After four months in the green Bitcoin is closing down about 7% It's hit a peak in mid-April of around $31000 And since then it's fluctuated in this range between $30000 and $26000 More recently since that peak it's lost about $66 billion in its market cap value And so this total rise year to date has actually still been 63% So that's since the beginning of the year And that has far outpaced the S&P and NASDAQ but has fallen short of those major stock indexes with a 15% loss from a year ago today So excluding this past day which we've seen the volatility for Bitcoin and other cryptocurrencies has dropped significantly in the past 30 days And that signals a lack of selling or buying conviction amongst investors Obviously the hot labor data and Fed official talk has not been kind to Bitcoin either Edward Moya who is with OANDA was telling us that Wall Street is appearing not to take as much interest into crypto as it has in past years I say crypto He said Bitcoin specifically And it's important to point out that this time last year Bitcoin was at the beginning of what was a very long sell off It was pretty rough And we saw a lot of company failures and potentially some fraud So even though it's a down month and things seem to be quiet that might be interpreted as a better thing Bitcoin and cryptocurrencies in general are still sort of trying to get past the hype from 2021 and are kind of looking for more application or utility for adoption So that's the month of May In June it's about a toss up historically in terms of what prices have done We've seen gains in the month of June for about 5 of the 10 past years And July is usually better It's the third best month historically for Bitcoin and crypto assets more broadly I also do want to point out the stablecoin Tether has been on a tear Since around the time of regional bank turmoil which started in March Tether has gained about $11 billion in market cap value Its second competitor Circle's USD coin has lost about $14 billion for the same period Diane - All right David thank you so much
12,BTC,1 June 2023 at 8:21 pm,This article originally appeared in First Mover CoinDesk’s daily newsletter putting the latest moves in crypto markets in context Subscribe to get it in your inbox every day Latest Prices  Top Stories  Bitcoin and the broad cryptocurrency market sold off for the second consecutive day on Thursday with fears over inflation and continued rate hikes resurfacing The US House of Representatives passed the debt ceiling deal Wednesday night and the bill now moves to the Senate for its approval Bitcoin was down 1% on the day to $26800 and has lost more than 6% over the past month While new eurozone data showed that inflation fell more than expected to 61% in May from 7% in April European Central Bank President Christine Lagarde signaled that additional interest rate rises are needed We need to continue our hiking cycle until we are sufficiently confident that inflation is on track to return to our target in a timely manner she said in a speech on Thursday Cryptocurrency exchange Kraken is reaping the benefits of staying in Canada after rivals such as Binance and OKX set withdrawal plans Kraken told CoinDesk its customer deposits in the country grew by 25% in the weeks following Binance’s announced departure in early May and the exchange saw a fivefold increase in downloads of its two mobile apps for Canadian clients within a week of OKX saying in March it planned to leave Canada tightened its regulatory framework for digital asset trading earlier this year resulting in an exodus of some of the largest crypto exchanges Alongside Binance – the globe’s largest exchange by volume traded – and OKX Paxos Blockchaincom and Deribit also all announced their departures The most recent exit announcement was from Bybit earlier this week Bankruptcy claims exchange OPNX – founded in part by the principals of failed crypto hedge fund Three Arrows Capital (3AC) – has issued a new governance coin dubbed Open Exchange token (OX) which is designed to reduce trading fees on the platform The exchange's existing native token FLEX surged by 16% after it was revealed in the whitepaper that FLEX can be converted for OX at a ratio of 1:100 OX is an ERC-20 token with a maximum supply of 986 billion At press time around 100 people have either minted or bought the asset according to Etherscan The OPNX exchange was co-founded by 3AC’s Kyle Davies and Su Zhu along with executives from failed crypto lender CoinFLEX Trending Posts Cryptocom Receives Digital Token License in SingaporeTradFi Giant TP ICAP Brings Crypto Spot Trading to Institutional InvestorsBitcoin Crypto Prices Brace for Downturn in Coming Liquidity Shock Observers Say
13,BTC,6 June 2023 at 4:39 pm,The SEC is suing the co-founder and CEO of Binance Changpeng Zhao for allegedly operating a 'web of deception' Photo: Ben McShane/Sportsfile/Getty Bitcoin’s price (BTC-USD) fell to its lowest point in weeks on Tuesday as the US Securities and Exchange Commission announced it is suing crypto exchange Binance The digital asset fell 10% last night to lows of $25625 (£20625) before recovering to around $25750 by 9am BST Associated crypto stocks also fell last night following the news with US-listed Coinbase (COIN) closing 9% lower Binance is one of the dominant market forces in the crypto exchange landscape with a large portion of the market’s trading volume The lawsuit alleges illegal operations in the US and the mishandling of customer funds Crypto has been acutely in regulators’ crosshairs since the failure and bankruptcy of rival exchange FTX Read more: Check the latest crypto prices live The crux of the 136-page suit alleges that Binance orchestrated an extensive web of deception conflicts of interest lack of disclosure and calculated evasion of the law It also takes a broader sweep at the crypto ecosystem by alleging BNB (Binance’s exchange token) and others such as SOL MATIC and ADA are securities Binance has said it will defend itself vigorously against claims of wrongdoing It said it has engaged with the regulator and sought to cooperate Unfortunately the SEC’s refusal to productively engage with us is just another example of the Commission’s misguided and conscious refusal to provide much-needed clarity and guidance to the digital asset industry it said in a statement Despite sounding like a big dip the price of bitcoin has seen much worse days this year It started off the year at around $16600 – cratering in the fallout of FTX’s bankruptcy On Tuesday morning ether (ETH-USD) was also down about 3% hovering at just above $1800 Binance and its US affiliate exchanege were hit by outflows of close to $790 million over the last 24 hours according to CNN Watch: Sovereign Agents: Your own personal AI assistant - The Crypto Mile  {@context:https://schemaorg@type:VideoObjectname:Sovereign Agents - your own personal AI assistant  | The Crypto Miledescription:On this week's episode of The Crypto Mile our host Brian McGleenon discusses the development of sovereign AI agents with our guest Jamie Burke Jamie is the founder of Outlier Ventures the world's leading Web3 accelerator by the volume of investments As we navigate the online world which is rapidly being transformed by artificial intelligence each one of us could soon be accompanied by a 'sovereign agent' These AI bots would represent us in online exchanges and have access to our private data and preferences automating mundane tasks and executing orders on our behalf such as purchasing goods and services or even signing legal documents AI agents could also be used by corporations for financial trading supply chain management and ratifying legal agreements However what if these bots go rogue and could there be an equal amount of malicious agents We discuss how the topography of the internet is changing a place where complex algorithms have agency to affect decisions in the material world welcome to the 'The Agent-verse'thumbnailUrl:https://syimgcom/uu/api/res/12/jxPJEjYCZb97BUagQDflw--~B/aD01NDA7dz05NjA7YXBwaWQ9eXRhY2h5b24-/https://syimgcom/os/creatr-uploaded-images/2023-06/a88a4740-008c-11ee-907f-0c45f0857eecuploadDate:2023-06-01T23:01:08Zduration:PT13McontentUrl:https://videomediayqlyahoocom/v1/video/sapi/hlsstreams/928908f0-c831-387d-84d1-fd13a80fdb44m3u8site=finance&region=SG&lang=en-SG&devtype=desktop&src=sapiembedUrl:https://sgfinanceyahoocom/video/sovereign-agents-own-personal-ai-230108158htmlformat=embedidentifier:928908f0-c831-387d-84d1-fd13a80fdb44} Download the Yahoo Finance app available for Apple and Android
14,BTC,10 June 2023 at 2:18 am,Digital payments firm Strike has moved all customer bitcoin (BTC) and US dollar (USD) assets to its own in-house infrastructure according to a June 8 blog post by CEO and cofounder Jack Mallers I just published Strike Infrastructure Update: We Now Serve Customers on Our Own InfrastructureWe're proud to offer our own safe and reliable infrastructure to custody our customers' #Bitcoin and US dollars https://tco/rMBiXeG0zI— Jack Mallers (@jackmallers) June 8 2023 Mallers says the move is part of a two-year effort and will reduce counterparty risk while ensuring the robustness and performance of the company’s products and services His announcement comes in the wake of bankruptcy rumors about Strike’s former custodian Prime Trust which has agreed to sell itself to digital asset custody rival BitGo Fellow Bitcoin financial services firm Swan Bitcoin also recently abandoned Prime Trust Read more: Crypto Custody Firm BitGo Reaches Preliminary Agreement to Buy Prime Trust: Sources  Strike declined to comment on the situation surrounding its former custodian emphasizing that its plan to move custody in-house has been two years in the making The company’s customer base spread across more than 65 countries will now custody bitcoin and fiat directly with Strike I’m proud to announce Strike now owns and operates all of its own infrastructure for customers Mallers wrote Strike now custodies customer bitcoin and dollars which means no custodial intermediaries between us and our users Benefits of the transition Mallers says the transition to in-house custody brings short and long-term benefits to users Because of our infrastructure enhancements we’ve begun rolling out a lot of awesome new features and capabilities that are now live Mallers explained Story continues Strike users can now send bitcoin directly to other users on a peer-to-peer basis They can also opt to receive funds as cash or bitcoin Bitcoin payments can be made directly on-chain or via the Bitcoin Lightning Network – a second layer payment system for cheaper and faster bitcoin transactions Deposit limits have been increased and on-chain payments are now tiered allowing users to pay higher fees for faster payments and lower fees for slower less urgent transactions The 29-year-old says his company has some serious ambitions in the long-term Global on/off ramps instant withdrawals new DCA [dollar cost averaging] capabilities continuing to improve our limits more cross-currency capabilities and more things we hope to bring soon Mallers said
15,BTC,13 June 2023 at 6:23 pm,A widely-tracked bitcoin (BTC) technical analysis indicator has flipped bearish spurring some crypto followers on Twitter to express concerns an extended price slide is in the offing The moving average convergence divergence (MACD) histogram used to gauge trend strength and changes has crossed below zero on the bitcoin price weekly chart according to technical analysis platform TradingView That represents a bullish-to-bearish shift and is widely considered a sell signal (Crossovers above zero suggest the opposite) Some technical analysts however say the signal is undermined by other factors and macroeconomic events such as the US inflation figure due today and Wednesday's Federal Reserve decision will also influence bitcoin price performance Still the signal comes after BTC's 16% decline from highs around $31000 registered two months ago raising questions about the sustainability of the bull revival witnessed early this year  Moonboys in disbelief pseudonymous crypto trader @CryptoBullet1 tweeted Monday referring to people who'd expected a meteoric rally According to @CryptoBullet1 the MACD bear cross looks similar to one observed roughly four years ago At the time the market was coming off an impressive rally much as it has over the past two months and nosedived following the indicator's bearish turn #Bitcoin $BTC 1W 2019 v 2023 comparisonSame Echo BubbleSame Breakout CandleSame 147 days of uptrend until MACD crossed bearishProbably nothing pictwittercom/hIidC8iYfo— CryptoBullet (@CryptoBullet1) June 12 2023 Bearish crossovers of April 2022 November 2021 and April 2021 also brought pain to the market Story continues That's why I believe the most probable outcome is we go to $19K-$20K one Twitter user said noting the MACD's record of predicting extended market swoons Key support intact Katie Stockton founder and managing partner of technical analysis research provider Fairlead Strategies disagrees A new weekly MACD 'sell' signal is a potential setback but short-term oversold conditions are in place and intermediate-term oversold conditions are in reach which gives bitcoin a better chance of holding up near support [at $25200] Stockton said in a note to clients on Monday Bitcoin continues to hold the resistance-turned-support of $25200 amid regulatory uncertainty and panic selling in alternative cryptocurrencies Prices blew past the said level in March confirming a bull revival Bitcoin continues to hold support at $25200 despite MACD's bearish flip (Fairlead Strategies) The weekly chart shows bitcoin holding support at $25200 marked by the horizontal line and stochastic indicator just short of flashing an oversold signal with a below-20 reading Oversold signals are unreliable as standalone indicators but when accompanied by prices trading at crucial support as in BTC's case they often portend renewed buying interest Focus on macro data Moreover Tuesday's US consumer price index (CPI) release and Wednesday's Fed rate decision could make or break price charts According to Bloomberg estimates May's CPI is expected to show the cost of living in the world's largest economy rose 02% from the previous month and 41% over the prior year a slowdown from April's 49% annual gain Core inflation which strips out the volatile food and energy component is expected to have climbed 04% month-on-month and 52% year-on-year The bias for bitcoin is to the topside according to David Brickell director of institutional sales at crypto liquidity network Paradigm We've digested a lot of bad news in the past couple of weeks including a reprice of higher rates and the US dollar since April Risk/reward for a move back to top of the range [is attractive] Brickell tweeted I also think likely CPI [might] undershoot and markets [are] behind on how quickly inflation falls from here A faster decline in CPI would provide the Fed the room to cut interest rates The central bank has raised rates by 500 basis points since March 2022 destabilizing risk assets including cryptocurrencies
16,BTC,14 June 2023 at 8:27 pm,A price pattern called throwback has emerged on bitcoin's daily chart that could recharge bulls' engines for a rally toward $37000 according to Valkyrie Investments In technical analysis a throwback is a price drop to a former breakout level or resistance-turned-support After a breakout prices rally for some days before losing upward momentum and returning to the breakout point More often than not prices surge after the throwback is completed as Thomas Bulkowski detailed in his book Visual Guide to Chart Patterns Bitcoin recently fell to around $25000 revisiting a former inverse head-and-shoulders (H&S) neckline resistance that was breached and flipped into support in March The 19% pullback from the mid-April high of $31000 to a former breakout point is a classic throwback pattern according to Joshua Olszewicz head of research at Valkyrie Investments  Typically but not always prices will break above the neckline [resistance] and then return to that level currently between $24000 [and] $25000 Olszewicz said in a weekly market update This behavior is described as a ‘throwback’ which in this case also includes a nearly three-month bullish reversal falling wedge chart pattern Positive resolution of the throwback measures as potentially a pivot-to-pivot trade setup from $25000 to $37000 Olszewicz suggested Bitcoin's price has retreated to a former resistance-turned-support zone in a classic throwback move (Valkyrie Investments) The chart shows bitcoin recently re-testing the green support zone completing the throwback Some technical analysis textbooks say throwbacks take ten days at most although the time limit is often treated as arbitrary The throwback has taken the shape of a falling wedge a pattern characterized by descending converging trendlines A falling wedge is also a bullish reversal pattern The throwback and the wedge will be invalidated if prices drop to the 200-day simple moving average (SMA) at $23690 per Olszewicz Extended price activity below the 200DMA would suggest a chart pattern failure and further range bound activity between $15000 to $25000 Olszewicz noted
17,BTC,15 June 2023 at 8:26 am,Bitcoin friendly Miami Mayor Francis Suarez has announced he's running for President Suarez announced his candidacy on Twitter on Thursday morning and filed paperwork with the Federal Election Commission on Wednesday My Dad taught me that you get to choose your battles and I am choosing the biggest one of my lifeI'm running for PresidentJoin me at https://tco/Wf7fVZACkl and for just $1 help secure me a spot on the debate stage ➡️ https://tco/MgO1RIl3jp#FXS24 pictwittercom/ZhKa0bQYll— Mayor Francis Suarez (@FrancisSuarez) June 15 2023 Suarez who vowed to make the city a bitcoin hub and has accepted his salary in bitcoin joins a growing Republican field seeking to unseat President Joe Biden in the 2024 election He faces an uphill struggle to build national name recognition among several high-profile candidates who have already announced their candidacies including former President Donald Trump and Florida Governor Ron DeSantis Miami has elected Suarez twice  During the coronavirus pandemic Miami – also called Magic City – drew an exodus of tech workers from Silicon Valley and New York Several crypto firms relocated there permanently Suarez who touted bitcoin's democratizing impact on the future of wealth for every American in a 2021 interview with CoinDesk has examined ways to accept taxes and pay municipal employees in the currency He also announced MiamiCoin (MIA) built on the Bitcoin adjacent blockchain Stacks which he hoped could someday pay a recurring BTC stimulus to Miami citizens By 2022 MIA had  shed roughly 95% of its value from an all-time high of around 5 cents eight months earlier according to data from CoinMarketCap In March crypto exchange OKCoin suspended the trading of MIA – and a second city coin NYCCoin – citing limited liquidity as the reason for the decision Story continues In a 2022 CoinDesk interview Suarez said that despite MIA's struggles he remained a believer in crypto People ask me the same thing about bitcoin the fact that it's lost more than 50% of its value but that doesn't change my feelings about the fundamental technology Suarez said UPDATE (June 15 12:22 UTC): Added Suarez's tweet 
18,BTC,16 June 2023 at 1:11 am,Major cryptocurrencies faced renewed pressure Thursday as the industry grappled with new challenges on numerous fronts Bitcoin (BTC-USD) the largest digital coin slipped 4% and fell to its lowest level in the past three months Other major cryptocurrencies dipped with ether (ETH-USD) and BNB (BNB-USD) falling more than 5% and a stablecoin called tether going below its crucial $1 price Those drops dragged the total market value for all crypto assets to its lowest level since the banking turmoil began in March according to Coinmarketcap Publicly traded crypto companies also fell including the stock of Coinbase Global (COIN) Other crypto stocks including MicroStrategy (MSTR) Riot Platforms (RIOT) and Marathon Digital (MARA) sold off as well  The new price pressures follow assurances from the Federal Reserve that it isn’t done hiking interest rates this year along with reports that crypto lending platforms Delio and Haru paused withdrawals after facing heightened requests from customers Regulators also are turning up the heat on the industry with two new lawsuits filed by the Securities and Exchange Commission last week against crypto exchanges Coinbase and Binance alleging that 19 specific cryptocurrencies are securities and thus should be registered with the SEC Those tokens — which include BNB SOL ADA and MATIC — have fallen 10-14% since the lawsuits Until the regulatory environment is better cryptos might struggle here Oanda market analyst Edward Moya said Thursday 'Markets are edgy' The multiple pressure points leave the industry with another problem: a lot of sellers and not enough buyers Major trading firms that once might have acted as market makers have retrenched over the last year In the last week trading volumes have fallen on Coinbase and Binance Liquidity is also lower on Binance's US-affiliated platform BinanceUS The amount of money available for trading on Binance's US-affiliated platform fell 75% following last week's SEC charges according to Kaiko Research Story continues Everything is coming together all at once and we have thin liquidity in markets now crypto investor and entrepreneur Thomas Dunleavy told Yahoo Finance Another sign of increased stress is the pressure on tether (USDT) the market’s largest dollar-pegged stablecoin by market capitalization and trading volume It fell as much as 020% between Wednesday and Thursday its biggest one-day drop since November As of Thursday at 2:00 AM New York time the $83 billion stablecoin which isn’t supposed to fluctuate below its crucial $1 price fell to $09958 It is issued by a company called Tether Markets are edgy in these days so it's easy for attackers to capitalize on this general sentiment Tether’s chief technology officer Paolo Ardoino said over Twitter earlier Thursday Markets are edgy in these days so it's easy for attackers to capitalize on this general sentimentBut at Tether we're ready as always Let them comeWe're ready to redeem any amount— Paolo Ardoino 🍐 (@paoloardoino) June 15 2023 Tether tokens are collateralized by other assets the company holds in reserves including 85% in cash and cash equivalents such as US Treasuries 65% in secured loans and 4% in precious metals according to its March 31 reserve report When the stablecoin slips below its $1 peg verified market participants also can make a profit by buying the token and redeeming it for other currencies However in periods of heightened selling the redemption process does not always keep up with the market In May 2022 the so-called algorithmic stablecoin terraUSD collapsed after slipping too far below its $1 peg causing a rapid shift in sentiment that led to a loss in confidence for the coin by the market leading to its ultimate collapse During the month of terra’s collapse Tether’s Ardoino told Yahoo Finance that Tether faced heightened withdrawals as investors rushed to liquidate $10 billion worth of holdings in 11 days Despite temporarily slipping as low as 95 cents during the period it gradually regained its $1 price over the following weeks Today Ardoino struck a defiant tone on Twitter We're ready as always Let them come We're ready to redeem any amount Ardoino said in his tweet Click here for the latest stock market news and in-depth analysis including events that move stocks Read the latest financial and business news from Yahoo Finance
19,BTC,16 June 2023 at 3:05 am,Proving that economics is more an art than a science Federal Reserve Chairman Jerome Powell said the central bank will skip a round of rising interest rates This left market analysts to debate the meaning of the word For the first time in over a year the Federal Reserve has decided to stay the course by keeping rates at about 5% breaking its streak of 10 consecutive interest rate hikes However Powell has left open the door to further hawkish rate increases clarifying that he shouldn’t call it a skip What would the market think This is an excerpt from The Node newsletter a daily roundup of the most pivotal crypto news on CoinDesk and beyond You can subscribe to get the full newsletter here   Despite the Fed’s decision to pull back on the most aggressive monetary policy strategy in the US since the 1980s stocks and crypto crumbled after the press conference For many Powell’s slip of the tongue all but guarantees the Fed will continue to raise interest rates this year likely as early as July in a bid to cool the economy Powell said signs show inflation appears to be easing finally and will use this … pause … to assess the impact of the Fed’s strategy I don’t envy Powell’s job to navigate an economy out of a global pandemic which contributed to consumer price inflation spiking to 40-year highs of over 9% as a regional war cut the global supply of necessities like wheat and oil But the experimental economic rejiggering at the Fed is already one for the history books Given how far we have come it may make sense for rates to move higher but at a more moderate pace Powell said confirming the Fed intends to move more slowly after a breakneck pace It’s just the idea that we’re trying to get this right For many however Powell has already gone wrong It’s widely believed that the Fed’s financial engineering contributed to the collapse of three US banks earlier this year – including the second-largest bank failure on record in the US – by cratering the value of US Treasury bonds Backed by the full faith and credit of the US government Treasurys are considered the safest investment in the world This banking distress could continue to weigh on the economy Story continues Then there are the effects on everyday folk According to a WalletHub survey (between May 29 and June 2) two-in-five people say Fed rate hikes are forcing them into more debt and putting their jobs at risk Part of the Fed’s strategy of cooling an overheated economy is by increasing unemployment WalletHub projects further that the Fed’s cumulative rate hikes of 500 basis points will translate into consumers paying $334 billion in extra interest charges over the coming year Borrowing costs are the highest in years and mortgage rates have been volatile and even if inflation has technically come down People still report paying more than ever for groceries healthcare etc Powell is at least candid about the difficulties ahead of trying to push inflation down to the Fed’s standard 2% target The process of getting inflation down is going to be a gradual one he said Though he thinks the right conditions for that are coming into place Whether that translates into less economic anxiety is another question It’s worth noting the stock market recently entered a bull market (as have most assets besides crypto) which is a ringer for populist rage considering who owns the majority of stocks (ie not the people hurt most by higher consumer prices) See also: Bitcoin Sinks Below 25K Altcoins Tumble as Investors Shrug Off Fed To put a bow on this because this is a crypto news site there was a time when bitcoin advocates really seemed to think that government mismanagement or incompetence would drive people into the fold If that was ever true perhaps around when you could still call bitcoin an inflation hedge adoption likely only happened around the margins Bitcoin traded flat during the recent US debt default debate – if ever there was a time for a hedge or a currency with a predicable issuance schedule In the US it’s hard to see bitcoin treated as anything more than a curiosity – at least in the short term But these things are relative In places like Turkey and Argentina bitcoin adoption continues to outpace those countries’ inflation In other words it’s a hard money depending on what currency you’re using I guess that's why they call economics a soft science
20,BNB,14 June 2023 at 6:38 am,The Securities and Exchange Commission and the world's largest cryptocurrency exchange appear close to a compromise on an emergency request by the regulator to freeze the assets of Binance's US entities A federal judge gave the parties until Thursday to work out the final details The judge has appointed a magistrate judge to act as mediator for the negotiations BinanceUS Binance’s crypto trading platform in the US must also file a list of ordinary course expenses by Wednesday morning 9 am ET The SEC on Tuesday proposed that assets held by Binance US affiliates BAM Trading Services which runs BinanceUS and BAM Management be repatriated and temporarily frozen while a lawsuit from the SEC plays out in court That way they would be out of the control of Binance’s founder Changpeng Zhao The SEC claimed in a lawsuit filed last week that Binance and Zhao illegally commingled customer assets misled customers about the company’s ability to detect market manipulation allowed US customers to trade on foreign crypto exchanges and failed to register as a broker clearing house exchange or seller of securities Days following its complaint the SEC sought an emergency order to freeze the company’s assets saying that it was necessary to protect funds belonging to US customers and under the entities’ control Binance argued in separate court documents that an asset freeze would effectively shutter its US businesses and inflict far reaching impacts on the public and crypto market participants beyond BAM The company said its international exchange Binancecom provides services for millions of users in more than 100 countries many of whom access its alternate banking services because they are unbanked underbanked or residing in countries with unstable currencies In its request for an emergency order the SEC said it wanted to ensure the safety of US customer assets and prevent the dissipation of those assets in case any judgment is entered against it Story continues Federal district court judge Amy Berman Jackson of the District of Columbia who is presiding over the case must sign off on the agreement Click here for the latest stock market news and in-depth analysis including events that move stocks Read the latest financial and business news from Yahoo Finance
21,BNB,16 June 2023 at 1:11 am,Major cryptocurrencies faced renewed pressure Thursday as the industry grappled with new challenges on numerous fronts Bitcoin (BTC-USD) the largest digital coin slipped 4% and fell to its lowest level in the past three months Other major cryptocurrencies dipped with ether (ETH-USD) and BNB (BNB-USD) falling more than 5% and a stablecoin called tether going below its crucial $1 price Those drops dragged the total market value for all crypto assets to its lowest level since the banking turmoil began in March according to Coinmarketcap Publicly traded crypto companies also fell including the stock of Coinbase Global (COIN) Other crypto stocks including MicroStrategy (MSTR) Riot Platforms (RIOT) and Marathon Digital (MARA) sold off as well  The new price pressures follow assurances from the Federal Reserve that it isn’t done hiking interest rates this year along with reports that crypto lending platforms Delio and Haru paused withdrawals after facing heightened requests from customers Regulators also are turning up the heat on the industry with two new lawsuits filed by the Securities and Exchange Commission last week against crypto exchanges Coinbase and Binance alleging that 19 specific cryptocurrencies are securities and thus should be registered with the SEC Those tokens — which include BNB SOL ADA and MATIC — have fallen 10-14% since the lawsuits Until the regulatory environment is better cryptos might struggle here Oanda market analyst Edward Moya said Thursday 'Markets are edgy' The multiple pressure points leave the industry with another problem: a lot of sellers and not enough buyers Major trading firms that once might have acted as market makers have retrenched over the last year In the last week trading volumes have fallen on Coinbase and Binance Liquidity is also lower on Binance's US-affiliated platform BinanceUS The amount of money available for trading on Binance's US-affiliated platform fell 75% following last week's SEC charges according to Kaiko Research Story continues Everything is coming together all at once and we have thin liquidity in markets now crypto investor and entrepreneur Thomas Dunleavy told Yahoo Finance Another sign of increased stress is the pressure on tether (USDT) the market’s largest dollar-pegged stablecoin by market capitalization and trading volume It fell as much as 020% between Wednesday and Thursday its biggest one-day drop since November As of Thursday at 2:00 AM New York time the $83 billion stablecoin which isn’t supposed to fluctuate below its crucial $1 price fell to $09958 It is issued by a company called Tether Markets are edgy in these days so it's easy for attackers to capitalize on this general sentiment Tether’s chief technology officer Paolo Ardoino said over Twitter earlier Thursday Markets are edgy in these days so it's easy for attackers to capitalize on this general sentimentBut at Tether we're ready as always Let them comeWe're ready to redeem any amount— Paolo Ardoino 🍐 (@paoloardoino) June 15 2023 Tether tokens are collateralized by other assets the company holds in reserves including 85% in cash and cash equivalents such as US Treasuries 65% in secured loans and 4% in precious metals according to its March 31 reserve report When the stablecoin slips below its $1 peg verified market participants also can make a profit by buying the token and redeeming it for other currencies However in periods of heightened selling the redemption process does not always keep up with the market In May 2022 the so-called algorithmic stablecoin terraUSD collapsed after slipping too far below its $1 peg causing a rapid shift in sentiment that led to a loss in confidence for the coin by the market leading to its ultimate collapse During the month of terra’s collapse Tether’s Ardoino told Yahoo Finance that Tether faced heightened withdrawals as investors rushed to liquidate $10 billion worth of holdings in 11 days Despite temporarily slipping as low as 95 cents during the period it gradually regained its $1 price over the following weeks Today Ardoino struck a defiant tone on Twitter We're ready as always Let them come We're ready to redeem any amount Ardoino said in his tweet Click here for the latest stock market news and in-depth analysis including events that move stocks Read the latest financial and business news from Yahoo Finance
22,BNB,12 June 2023 at 8:33 pm,This article originally appeared in First Mover CoinDesk’s daily newsletter putting the latest moves in crypto markets in context Subscribe to get it in your inbox every day Latest Prices  Top Stories  Venture capital giant Andreessen Horowitz (a16z) chose London as the site for its first office outside the US saying the UK government is willing to create policies that encourage startups to pursue decentralization Menlo Park California-based a16z said it plans to use the office – which will open later this year and be led by Sriram Krishnan – to invest in the crypto and startup ecosystem in the UK and Europe The firm cited a number of recent investments in UK-based companies among them a new $43 million Series A funding round into blockchain-based computing resources for artificial intelligence platforms (AI) provider Gensyn Open interest tied to Binance's BNB token continues to rise according to data tracked by Coinglass Total open interest – the number of unsettled and active futures contracts – rose to 157 million BNB ($360 million at current prices) on Monday the highest since Jan 1 The tally has increased by over 8% in the past 24 hours and nearly 27% in the days since the US Securities and Exchange Commission (SEC) filed a lawsuit against Binance on June 5 Alongside BNB's going market rate has tumbled from about $300 to the current $234 its weakest level since mid-December per CoinDesk data The common thought among traders is that an increase in open interest alongside a price decline suggests an influx of short positions or bearish bets and thus possibly confirmation of a downtrend A key metric tracking crypto market liquidity tanked sharply over the weekend leaving paper-thin order books that could amplify price swings Crypto research firm Hyblock Capital's global bid and ask indicator – which aggregates the dollar amount of resting bid and ask orders for more than 1100 coins listed worldwide – fell by 20% across spot markets on Saturday The sharp decline happened as alternative cryptocurrencies like SOL MATIC DOGE and others tumbled amid rumors of a fund liquidating its coin holdings According to crypto hedge fund Assymetric's CIO Joe McCann some market makers likely pulled out from the market during the altcoin plunge causing a sharp fall in the amount of resting bid and ask orders Story continues Chart of The Day Amberdata The chart shows seven-day ETH call-put skew which measures the difference between prices for bullish call options and bearish put options tied to Ethereum's native tokenThe seven-day skew slipped to -9% over the weekend signaling the strongest bias for puts since mid-March Trending Posts SEC Crypto Crackdown Adds Urgency for US Lawmakers to Produce Regulatory Framework This Year: JPMorganSOL ADA MATIC Prices Stabilize as Foundations Hit Back on SEC Lawsuit AllegationsBitcoin Dominance Surges Accounting For Nearly Half of The $1T Crypto Market Amid Altcoin Selloff
23,BNB,10 June 2023 at 4:00 am,In trading timing is everything and it appears that some traders put in well-timed sell orders for BNB tokens ahead of the massive SEC crackdown against crypto exchange Binance on June 5 A surge in aggregated sell orders of about 125000 BNB worth $37 million hit the BNB/USDT order book on Binance at 11:45 pm UTC on June 4 and 1:45 am UTC on June 5 in the lead-up to the US Securities and Exchange Commission (SEC) suing Binance data from TradingView shows Read More: BinanceUS Suspends Use of Fiat as Legal Troubles Mount  BNB’s open interest the total number of outstanding derivative contracts held by investors also increased in the first nine hours of June 5 by nearly $30 million according to Coinalyze which also occurred before the 11:15 am news of the SEC alleging Binance commingled customer funds and operated an unregistered securities exchange BNB's open interest rose ahead of SEC crackdown (Coinalyze) A rise in open interest indicates new traders entering and creating new positions in the market instead of closing existing positions The price of BNB the native token for the Binance ecosystem that the SEC says is a security dropped more than 9% from $300 to $272 in the hour following SEC’s crackdown against Binance on Monday Crypto traders who bet that the price of Binance’s BNB token would decrease before June 5 at 11:15 am have profited heavily from the price action of BNB following the reveal of SEC’s lawsuit against the largest crypto exchange by trading volume An SEC spokesperson did not return a request for comment on the trades made before the SEC lawsuits against the crypto exchange
24,BNB,9 June 2023 at 12:07 pm,BinanceUS says it's transitioning to an all-crypto exchange as of June 13 citing pressures from the US Securities and Exchange Commission (SEC) which targeted the company with a major enforcement action this week In a tweet the US arm of Binance said it's temporarily transitioning to an all-crypto exchange and the company said trading staking deposits and withdrawals in crypto remain fully operational USD deposits will be suspended as of June 9 and USD-based trading pairs will be de-listed shortly after the exchange said  While we remain open to a productive compromise that enables a thriving digital asset marketplace in America BinanceUS will continue to vigorously defend ourselves our customers and the industry against the meritless attacks of the SEC the exchange tweeted Binance's BNB coin remains stable at $26024 The token which was accused of being a security by the SEC is down 15% over the last week On Tuesday the SEC filed for a temporary restraining order to freeze certain assets tied to BinanceUS The two are due back in court on June 13 regarding the matter — the same day BinanceUS says it's transitioning to an all-crypto exchange The SEC has also accused Binance of directing $12 billion to firms controlled by CEO Changpeng Zhao a claim that Zhao and Binance both deny
25,BNB,6 June 2023 at 3:35 pm,Crypto markets showed no sign of letting up on Tuesday after the US Securities and Exchange Commission (SEC) sued crypto exchange Binance and its founder Changpeng CZ Zhao on allegations of violating federal securities laws Data from Nansenai shows that outflows from Binance across all protocols hit $719 million over a 24-hour period (Nansenai) During the US trading hours net outflows hit $230 million after the SEC announced its lawsuit against Binance  Despite the seemingly staggering net outflow that shows no signs of slowing down Nansen data also shows that Binance’s stablecoin balance remains healthy The exchange currently has a stablecoin balance of just over $8 billion with a seven-day outflow of $519 million or roughly 6% of holdings OKX the exchange with the next largest holdings has a balance of $4 billion In a Twitter thread Seoul-based crypto analytics firm CryptoQuant pointed out that the withdrawals are well within historical norms (Nansenai) SAND MANA Lead Declines In the complaint the SEC also alleged that a number of other tokens including Binance’s BNB token Solana (SOL) Cardano (ADA) Polygon (MATIC) Coti (COTI) and Algorand blockchains (ALGO) Filecoin network (FIL) Cosmos hub (ATOM) Sandbox platform (SAND) Axie infinity (AXS) and Decentraland (MANA) are securities Most of these tokens continued well into the red during the Asia trading day Metaverse majors SAND and MANA led the declines with SAND down 13% to $052 and MANA down 116% to $045 Meanwhile Binance’s BNB is down 8% to $27648 The CoinDesk Market Index (CMI) is flat down 008% During the Asia trading day $26 million in positions were liquidated according to CoinGlass with $168 million being long positions This brings the total liquidations in a 24-hour time span to $2965 with $271 million being long
26,BNB,6 June 2023 at 12:55 am,Altcoins are suffering the largest losses following the SEC’s lawsuit against Binance and its CEO Changpeng CZ Zhao Among the allegations are that the exchange offered a number of unregistered securities to the general public among them not just Binance’s BNB token and its BUSD stablecoin but also Solana (SOL) Cardano (ADA) Polygon (MATIC) Coti (COTI) Algorand (ALGO) Axie Infinity (AXS) Filecoin (FIL) Cosmos (ATOM) Sandbox (SAND) and Decentraland (MANA) The entire cryptocurrency market is in the red on the news including declines of 5%-10% in most of the above tokens  Asked about possible regulatory implications for Sky Mavis the developer of popular play-to-earn game Axie Infinity CEO Aleksander Leonard Larsen said they are looking into it and noted that it doesn't change much We are staying the course building our products Polygon declined to comment on the situation and none of the other tokens could be reached for comment at the time of publication Crypto tokens deemed as securities by the SEC (Lyllah Ledesma/Messari) The world’s largest cryptocurrency by market cap bitcoin (BTC) was recently down 5% to trade at $25800 Ether (ETH) is down 45% to $1811 Eliza Gkritsi Margaux Nijkerk and Brad Keoun contributed to the reporting of the story UPDATE (June 5 20:00 UTC): Adds comments from Sky Mavis and Polygon
27,BNB,25 May 2023 at 5:45 pm,Blockchain network BNB Chain is expected to undergo a network upgrade at block height 29020050 estimated to arrive on June 11 at 21:30 UTC developers released on GitHub Network improvements typically attract investors and users to blockchain ecosystems as they allow developers to provide even better features BNB Chain utilizes the bnb token (BNB) for users to pay fees with and vote on network changes – meaning such upgrades could contribute toward the value proposition for bnb in the future The Luban hard fork incorporates three different Binance Smart Chain (BSC) Evolution Proposals (BEPs): BEP-126 BEP-174 and BEP-221 which cumulatively aim to make the network faster and more secure for users  BEP-126 introduces the Fast Finality mechanism which makes it impossible for a block to be reversed once it is finalized on the network This reduces the possibility of a chain reorganization by bad actors if that situation ever arises Blocks refer to data within the blockchains where transactional data is permanently recorded and secured by cryptography These are finalized by network entities called validators and can theoretically be reserved if a majority of those validators collude and decide to revert to a data point in the past BEP-174 brings forth a Cross Chain Relayer Management which aims to mitigate any potential security issues in the BSC Bridge Attacks on bridges were the biggest security threat in the crypto sector in 2022 – making this a critical area to deploy solutions Relayers are on-chain messengers who help transfer tokens between different blockchains via bridges playing an important role in ensuring that such transactions are completed smoothly These relayers are typically whitelisted entities that currently need to be manually added in a complex process However BEP-174 will introduce managers for relayers that are selected by on-chain governance These managers would be responsible for managing the registration of individual relayers in a way that makes it easy to remove or add any relayer during a potential time of crisis Lastly BEP-221 brings forth the CometBFT Light Block Validation a system that proposes adding a new contract to blockchains that use CometBFT technology This contract helps verify specific blocks from other CometBFT-compatible blockchains and enables the transfer of data between those blockchains such as the storage-focused BNB Greenfield and the BNB Chain
28,BNB,6 June 2023 at 12:26 am,Cryptocurrency traders are withdrawing funds from crypto exchange Binance at highest level since banking crisis in March after the US Securities and Exchange Commission (SEC) sued the company and its CEO Changpeng CZ Zhao for violating federal securities law on Monday Blockchain data shows that the exchange endured some $503 million in net outflows on Monday according to a Dune Analytics chart by crypto investment product provider 21Shares Traders have withdrawn more than $1 billion of digital assets during this period compared to the $546 million in deposits per the chart This is on track to be the largest daily net outflow since at least mid-March when investors worried about failing crypto-friendly banks destabilizing crypto exchanges according to data by 21Shares  Crypto intelligence firm Nansen's data showed that at one point Binance recorded $231 million more withdrawals than deposits within a one-hour period following the news about the lawsuit The data excludes bitcoin (BTC) transfers Binance user deposits and withdrawals over the last hour (Nansen) While outflows are rising this isn't necessarily out of the ordinary yet In February Binance weathered some 830 million of net outflows over a 24 hour period as New York state regulators cracked down on Binance-related stablecoin BUSD CoinDesk reported Binance's crypto wallets hold some $55 billion of digital assets according to Nansen data on exchange reserves The outflows came as the SEC lawsuit alleges that Binance the world’s largest crypto exchange by trading volume breached multiple federal securities laws The suit said that Binance offered unregistered crypto securities including BNB and BUSD tokens to the general public and allowed for commingling of customer funds The SEC also alleges that CZ the company’s chief executive officer was secretly in control of BinanceUS an ostensibly separate entity operating in the US and a CZ-owned entity had inflated BinanceUS’s trading volume Read more: SEC Sues Crypto Exchange Binance CEO Changpeng Zhao Over Multiple Securities Violation Allegations Story continues  UPDATE (Jun 5 18:51 UTC): Adds data about daily flows by 21Shares Updates headline lead to reflect the size and scope of the daily net outflow UPDATE (Jun 5 17:35 UTC): Updates headline and data Adds data about digital assets on Binance Adds context about prior withdrawals
29,BNB,6 June 2023 at 4:21 am,The prices of BNB AND CAKE - two significant tokens in the Binance ecosystem - have plummeted in the four hours after the Securities and Exchange Commission (SEC) filed suit against the centralized exchange data from blockchain analytics firm Cryptowatch shows BNB which has a total market dominance of 386% according to CoinGecko has dropped more than 8% from $300 to $276 in the past four hours while CAKE has slid roughly 9% from $170 to $154 at press time Read More: Cryptocurrencies Crash After the SEC Charges Binance With Sale of Unregistered Securities (Cryptowatch)  BNB and CAKE’s recent dips follow SEC allegations that Binance commingled customer funds and operated as an unregistered securities exchange In a statement to CoinDesk a Binance said that BNB coin is not a security Rather BNB is a native token designed to create an internal economy where its value derives from its participants Read More: Binance Failing to Get US Exchange Listings for BNB Is Yellow Flag for Crypto Analysts CAKE the token that powers PancakeSwap the BNB Chain alternative of decentralized exchanges like Uniswap and SushiSwap is used for liquidity mining rewards and grants holders governance rights over the protocol The total value locked on Pancake Swap stands at $181 billion a roughly 9% decrease in the past seven days per DeFi Llama
30,ETH,16 June 2023 at 2:16 am,Ripple Labs and the US Securities and Exchange Commission (SEC) seem to be on the same page about the documents known as the Hinman Emails: The former official’s past remarks shouldn’t govern current policy Despite the rush of attention this week on the insider deliberations that went into writing a five-year-old speech from William Hinman - the former head of the SEC’s corporation finance division - the agency’s past uncertainty over the status of ether (ETH) never amounted to formal commission-approved rules or guidance So the dialogue over the ex-official’s one-time remarks may offer some insights but it's unlikely to move the needle on the agency's crypto policy Nothing in these documents creates precedent or establishes law said Andrew Hinkes a lawyer at K&L Gates who co-chairs its digital assets practice At best the emails give a helpful snapshot of certain SEC staffers' views on some issues at a point in time so it’s useful for those trying to understand where the agency has been coming from on the crypto-as-securities debate but there’s nothing the SEC can be held to Hinkes said  Hinman in his speech that’s still posted on the SEC website had said he didn’t see a need to regulate ether – a view that was debated among officials inside the agency even as he said it The remarks have been a particular focus of Ripple in light of the parallels between ETH and the XRP token closely associated with Ripple’s business The SEC fostered regulatory confusion in the marketplace Ripple Chief Legal Officer Stuart Alderoty said Thursday in an interview on CoinDesk TV They knew the marketplace was confused then they took steps to deliberately aggravate that confusion Alderoty had also tweeted what he thinks the emails should mean: Hinman’s speech should never again be invoked in any serious discussion about whether a token is or is not a security As it happens that seems fine with the SEC The agency hasn’t relied on Hinman’s position in recent years and has moved on with other remarks from SEC Chair Gary Gensler that suggest a different view After Ethereum’s high-profile move to proof-of-stake Gensler said that such tokens may actually be securities though he didn’t specify ETH Story continues Agency spokespeople declined to comment on the release of the emails this week and Hinman didn’t respond to a request for comment Still none of the issues debated around Hinman’s speech have legal bearing until the SEC’s five commissioners make a new rule issue guidance or bring an enforcement action that explicitly makes the case that ETH is a security That’s the chief point of interest for Ripple which has been fighting with the regulator in court over whether the XRP token associated with its products is a security After the company also waged this fierce campaign to win access to the SEC’s emails Ripple’s Alderoty would like to see them remain in the limelight arguing that an investigation should be conducted into why Hinman said what he did He said the SEC has relied on those remarks in its ongoing battles with the sector They've weaponized it to bring a series of enforcement actions and trying – through regulation-by-enforcement we now know – to really destroy and disrupt this crypto economy in the United States Alderoty told CoinDesk TV But others aren’t sure there’s anything in the messages to alter the high-stakes debate over how crypto will be regulated in the US Those who expected bombshells were probably disappointed but for those who work to understand these markets there are helpful inclusions that merit further consideration Hinkes said I don’t believe that the Hinman emails are particularly significant from a legal standpoint said Grant Gulovsen an Illinois-based lawyer who works with crypto clients in an email I don’t see how it helps Ripple/XRP And if the Hinman speech is no longer (or never was) the view of the SEC then it’s not good for crypto generally Hinman – who noted during the 2018 speech that it was his personal view – took a position that crypto projects could become sufficiently decentralized that buyers wouldn’t expect anybody was at the helm so they couldn’t be investment contracts regulated by the SEC Gulovsen said that idea is still useful as a reasonable application of securities law for digital assets Read More: Why William Hinman’s Emails Matter to the XRP Army and the Crypto’s Price
31,ETH,13 June 2023 at 9:42 pm,A US Securities and Exchange Commission official wanted to say that the agency did not … see a need to regulate Ether as it was offered in 2018 read an email released Tuesday A number of emails tied to the one-time Director of Corporation Finance William Hinman’s 2018 speech saying Ether did not look like a security were published Tuesday by Ripple in its ongoing defense against an SEC lawsuit alleging the company illegally sold XRP tokens as an unregistered security for over seven years The emails were published alongside an updated motion for summary judgment XRP’s price spiked after the emails were initially released  The emails show SEC officials deliberating about how clear the speech actually was in expressing a view that ether (ETH) was not a security Read More: Why the XRP Army Keeps Fighting As written the language remains vague as to whether ETH is a security If you want to make an affirmative statement that it is not a security the language could be stronger (ie just say it) If you don't want to take an affirmative stance we suggest using language similar to what you used for Bitcoin re the disclosure regime to make it more consistent wrote former SEC Director of Trading and Markets Brett Redfearn on June 12 2018 Redfearn left comments in a proposed draft of the speech further emphasizing that point saying parts of it appear likely to create more confusion about the status of ETH Valerie Szczepanik the current head of the SEC’s FinHub group wrote in an earlier email dated May 25 2018 that she believed the less detail the better referring to what appears to be one of the earliest drafts of the speech This is introducing a concept that will probably generate much discussion and so leaving room for that discussion is good I think she wrote This earlier version of the speech did not mention ether at all though it did reference bitcoin A June 12 email from Laura Jarsulic an attorney with the SEC’s Office of General Counsel referenced the landmark Supreme Court case commonly used as a test for determining whether something is a security even today – SEC v W J Howey Co In that case the SEC sued Howey on allegations that his selling trees in orange groves promising a future return violated securities law Story continues Jarsulic suggested an edit clarifying that the Supreme Court ruled that purchasers who bought trees but did not buy investment contracts did not purchase securities The Court found that only the purchase of land and service contract was the purchase of a security (those who bought land only had not purchased a security) another suggestion read Further down Jarsulic wrote in a suggestion that there could be situations where a token is indeed a security – for example if a company issues tokens instead of shares Several of the officials’ emails suggested tying the speech closer to the Howey Test The emails also indicated that SEC officials met with Ethereum founder Vitalik Buterin apparently to discuss the Ethereum Foundation's role Read more: XRP Prices Jump as Hinman Speech Released in Ripple Labs Filing Other officials cc’d in the emails include former SEC Enforcement Directors Stephanie Avakian and Steven Peikin former Division of Investment Management Director Dalia Blass former Chief Counsel and Acting Director of the Division of Trading and Markets Heather Seidel and a host of others In 2020 the SEC sued Ripple on allegations that the firm sold unregistered securities Ripple has historically maintained a distance from XRP the token that powers some of its products and the XRP Ledger network But any progress in the case has an impact on XRP prices On Tuesday after publishing the emails Ripple Chief Legal Officer Stu Alderoty tweeted that We now can all see Hinman ignored multiple warnings that his speech contained made-up analysis with no basis in law was divorced from the Howey factors exposed regulatory gaps and would create not just confusion but ‘greater confusion’ in the market The SEC declined to comment on the matter Update (June 13 14:07 UTC): Adds detail about officials indicating they met with Ethereum founder Vitalik Buterin Update (June 13 14:18 UTC): Adds that the SEC declined to comment on the emails in last paragraph
32,ETH,9 June 2023 at 1:26 am,Cryptocurrency exchange Kraken has officially launched its NFT marketplace out of beta testing supporting over 250 non-fungible tokens (NFTs) across the Ethereum Solana and Polygon blockchains The company launched a public beta version of its NFT platform in November Initially it offered support for a curated selection of 70 NFT collections on Ethereum and Solana As part of its public launch the platform has pledged to include not only blue-chip projects like CryptoPunks and Bored Ape Yacht Club but also more affordable collections that can be bought for under $100  Kraken NFT marketplace says it will not charge gas fees to customers who buy and sell NFTs on the platform However it specifies that gas fees will be incurred when transferring NFTs and other cryptoassets on and off the Kraken platform We are launching out of BETA! 🎉#KrakenNFT is your gateway to buying selling & learning about NFTs!🔎 Browse 250+ collections⛓️ Polygon blockchain Integration🧡 Reddit Collectible Avatars @0xPolygonLabs @RedditRead our latest announcement: https://tco/3Xnn2tMyST pictwittercom/l1LTizqwT1— Kraken NFT (@KrakenNFT) June 8 2023 Users have the choice to pay in fiat or cryptocurrency and listings will have built-in rarity rankings Kraken says MetaMask and Solana's Phantom wallet are currently supported and WalletConnect will be added in the future Kraken's latest release comes amid a broader regulatory crackdown against the crypto industry While US exchanges are facing lawsuits from the US Securities and Exchange Commission (SEC) Canada recently tightened its regulatory framework for digital asset trading Kraken has remained in Canada despite its crypto crackdown while competitors like Binance and OKX have announced their departures allowing it to usurp the market and grow its customer deposits by 25% in the weeks following the exits Kraken remains available to US customers with some state-by-state trading restrictions
33,ETH,3 June 2023 at 7:40 am,Embattled crypto lender Celsius Network is shaking up its ether (ETH) staking strategy congesting the already month-long queue to activate new validators on the Ethereum network Over the course of two days the firm has been diligently moving ETH into staking contracts after redeeming some $813 million of staked ETH from liquid staking leader Lido Finance Since June 1 Celsius has deposited some $745 million of ETH data by Arkham Intelligence shows The transfers have stretched the already long queue to establish new validators on the Ethereum network to 44 days with Celsius potentially responsible for almost a week of extra time Tom Wan analyst at crypto investment product manager 21Shares noted  The transactions are the latest development in the lender’s maneuver to reshuffle its staked ETH stash since Ethereum’s Shanghai upgrade enabled withdrawals from staking contracts in April At that time Celsius held some 460000 of ETH – now worth $870 million – staked with liquid staking platform Lido Finance and some 160000 tokens – about $300 million at current prices – deployed in its own staking pool The transfers have occurred as the firm restructures after filing for bankruptcy protection in July when it succumbed to liquidity issues due to plummeting cryptocurrency prices and a wave of user withdrawals Last week the US bankruptcy court auctioned the lender to winning bidder Fahrenheit an investment group backed by Arrington Capital that will assume the firm’s assets including its institutional loan portfolio staked cryptocurrencies and crypto mining units Celsius’ staking maneuvers The lender’s maneuver to shake up its staking allocations started with staking some $75 million of its available ETH stash with non-custodial institutional staking service Figment CoinDesk reported Celsius also requested to redeem its 460000 staked ETH from Lido as soon as the platform allowed withdrawals It has already reclaimed 428000 tokens worth $813 million Celsius split the assets into two separate crypto addresses that the firm previously used to stake with Figment and to deposit in its own staking pool blockchain data shows The lender is still waiting to receive 32000 ETH from Lido Story continues Latest update:Celsius received 428k $ETH from $stETH withdrawal- 198k (46%) ETH to their staking pool - 197k (46%) ETH to an address that was used to stake ETH via @Figment_io - 32k ETH remain Pleasure investigating it with @etheraltog Great tool intro by @TrueWaveBreak pictwittercom/KMceKnDi9q— Tom Wan (@tomwanhh) June 1 2023 On Thursday the firm moved a total of 291000 ETH worth $553 million into staking contracts according to a Dune Analytics chart by 21Shares A total of 192000 tokens were deposited into the Celsius staking pool while 99000 tokens were staked with Figment Wan reported On Friday the company resumed moving tokens into staking contracts putting it on track to stake all the 428000 ETH stash At the time of publication the firm had staked some $199 million of ETH via Figment and deposited some $12 million to the Celsius staking pool Arkham data shows After the transfers Celsius wallets still held some $109 million in ETH according to Arkham (Arkham Intelligence) Ethereum stakers wait Staking allows the beleaguered lender to earn rewards on digital asset holdings while the withdrawal freeze on user deposits is in effect However it also significantly stresses an already crowded queue to add new validators on the Ethereum network Validators are entities in a proof-of-stake blockchain who stake tokens to guard the network and oversee transactions in exchange for a reward Demand for staking has increased dramatically since the Shanghai upgrade activated on April 12 Deposits surpassed withdrawals by almost $55 billion leaving new entrants with a month-long wait time to set up validators data by blockchain intelligence firm Nansen shows Celsius’ latest staking deposits further stretched the queue The estimated time to clear the queue now stands at 44 days and one hour according to Ethereum tracking website Wenmerge If Celsius commits all the 428000 tokens to staking it will add six days and 15 hours to the waiting time increasing to 45 days Wan predicted on Thursday Staking activation queue up only pseudonymous blockchain sleuth Alto who was first to report Celsius’ transfer to staking wallets tweeted
34,ETH,26 May 2023 at 4:25 pm,The number of ether (ETH) on exchanges has hit a low not seen since July 2016 as staking saps up available ether Data from Glassnode shows that as of Thursday 1485% of all ether was held in wallets owned by centralized exchanges The market hasn’t seen a level this low since ether was in its infancy during the summer of 2016 The balance held on centralized exchanges has nearly halved in three years (Glassnode) In contrast during the bull market of 2021 the exchange balance was around 25-26% Typically low exchange balances are a bullish sign as it means the supply of ether available for purchase is limited thus it puts pressure on prices to increase  In the last few weeks staking's growing popularity has helped soak up supply from the market The introduction of the Shapella upgrade to the Ethereum network has triggered a surge in ether staking with over 44 million additional coins deposited since the upgrade as large ether holders increasingly opt for generating passive income rather than liquidating their assets This trend is anticipated to persist particularly considering that deflationary forces are expected to propel the price of Ether significantly analysts at Binfinex previously shared with CoinDesk Prior to this upgrade potential stakeholders may have been deterred from staking their ether tokens due to concerns about their funds being locked for an unacceptably long duration All this comes as crypto trading volumes decline by double digits Binance the world's largest cryptocurrency exchange experienced a 48% decrease in spot trading volume for the second consecutive month in April reaching $287 billion - the second-lowest since 2021 - with its market share also reducing to 46% reflecting a broader 40% industry-wide decline due to macroeconomic uncertainties and US bank collapses Ether is currently trading for $1816 up 2% according to CoinDesk market data 
35,ETH,26 May 2023 at 2:58 pm,Bitcoin (BTC) and ether (ETH) the top two cryptocurrencies by market value have been unusually calm for over two weeks The range play probably stems from the market running into competing narratives and influences There is another powerful force at work a so-termed invisible hand of crypto options market makers partly responsible for keeping prices rangebound according to observers Market makers are entities with a contractual obligation to maintain a healthy level of liquidity on an exchange They ensure there is enough depth in the order book by offering to buy or sell a call/put option contract at any given time  For instance if a trader wants to buy a BTC call option at the $40000 strike price and there is no matching sell order the market maker would do the needful by providing the sell order Options are derivative contracts that give the purchaser the right to buy or sell the underlying asset at a predetermined price on or before a specific date A call option gives the right to buy while a put option offers the right to sell Market makers therefore are always on the opposite side of investors and maintain a delta-neutral (direction-neutral) book by actively buying and selling the underlying asset in the spot or futures market as the price swings Stuffed with positive gamma In recent weeks investors have been shorting or writing call options or bullish bets a popular volatility-selling strategy aimed at generating a yield on top of spot market holdings As such market makers have been stuffed with long call positions or positive gamma Options gamma is the rate of change in the options price in response to changes in the underlying asset's price When gamma is positive options become pricier when the underlying asset's price rises or falls Holding large positive gamma forces market makers to trade against the direction in which the spot prices move to keep their books delta neutral So if bitcoin and ether drop the options market makers stuffed with positive gamma must buy cryptocurrencies in the spot market Similarly they must take bearish bets in spot/futures markets if the market rallies This hedging activity has been keeping prices locked in the narrow range Story continues These massive call overwriting programs have left dealers stuffed long [positive] gamma So it becomes a negative feedback loop as the gamma hedging keeps spot ranges contained weighing further on volatility then dealers also try to lighten on long gamma positions David Brickell director of institutional sales at crypto liquidity network Paradigm said In the absence of a catalyst/narrative to start taking a directional risk that systematic mechanical volatility selling will keep weighing Brickell added The episode shows the growing influence of the options market on spot prices a common feature in equities and foreign exchange markets Crypto investors persistently bought call options during the bull market of 2021 leaving market makers with short gamma positions That required market makers to trade in the direction of bitcoin and ether to balance their books which resulted in exaggerated price moves Per Griffin Ardnern a volatility trader from a crypto asset management firm the positive gamma in ether has hit a record high and the sticky effect of market makers' hedging activity could weaken following the monthly options expiry Deribit the world's largest crypto options exchange that controls nearly 90% of the market will settle May expiry options on Friday at 08:00 UTC $100M CASH GAMMMMMMA! pictwittercom/5yY7jLbXEa— Blofin Academy (@Blofin_Academy) May 26 2023 In the case of positive gamma the delta hedging behavior of market makers is to sell high and buy low which compresses the price movement range to near the strike price Ardern told CoinDesk After the settlement the sticky effect of hedging on the price will significantly weaken but there could be stronger resistance particularly in ETH It is necessary to be careful about the risk of ETH price going downwards Per Ardern market makers hold notable positive gamma in the higher strike price ether options expiring in following months and that would create resistance If ether's price moves [higher] and approaches these levels the delta in the hands of market makers will increase and they will consider selling spots or perps to hedge the delta that may exceed the limit This selling behavior creates relatively significant resistance Ardern added Since May 12 bitcoin has traded the narrow range of $25800 to $27600 while ether has consolidated between $1750 and $1850 At press time bitcoin and ether changed hands at $26350 and $1800 respectively per CoinDesk data 08:00 UTC: Adds Blofin's tweet and comments from Blofin's Griffin Ardern
36,ETH,16 May 2023 at 5:03 pm,Bitcoin (BTC) and ether (ETH) the world's top two cryptocurrencies by market value moved in tandem for much of 2022 That positive relationship has weakened this year signaling an impending regime change in the market As of Monday the 30-day rolling correlation between changes in bitcoin and ether prices was 77% the lowest since 2021 and notably weaker than 96% seen two months ago according to crypto data provider Kaiko Ether in the past has decoupled from bitcoin for brief periods The latest weakening of correlation may be long-lasting meaning bitcoin the world's largest and most liquid digital asset may no longer anchor ether and the broader market according to Pulkit Goyal Vice President of trading at OrBit Markets an institutional liquidity provider of options and structured derivatives in digital assets  What we are seeing could be the beginning of a long-term regime change As Ethereum has shifted from PoW to PoS the economics of supply and demand underlying the 2 tokens will continue to diverge Goyal told CoinDesk Bitcoin will cement its status as the digital gold or a blue-chip stock while Ether will be seen as a growth stock or an emerging market Goyal added Kaiko's latest weekly newsletter said voiced a similar opinion in the weekly newsletter saying Both BTC and ETH seem increasingly driven by divergent idiosyncratic factors In September 2022 Ethereum the world's largest smart contract blockchain transitioned from the energy-intensive proof-of-work consensus mechanism of verifying transactions to the proof-of-stake setup Recently Ethereum implemented the Shapella upgrade de-risking the passive investing strategy of locking or staking coins in the smart contract platform in return for rewards The amount of ether burned by the network is closely tied to the degree of network usage Bitcoin meanwhile continues to be a macro asset taking cues from inflation figures and expected changes in fiat liquidity and retaining its appeal as a hedge against traditional finance Bitcoin's pace of supply expansion is halved every four years through a programmed process called mining reward halving The fourth halving is due next year Story continues Post the transition to a proof-of-stake governance mechanism it is possible that Ether is seen as a different asset class in the same sphere and this might change but for the time being Bitcoin is more governed by macroeconomic factors and institutional investment while Ethereum although affected might just be less correlated to the macroeconomic conditions for the better or worse analysts at Bitfinex said in an email It's a good move for the crypto market as these two assets can be viewed now from the perspective of price action as to different asset class although in the same sphere Bitfinex analysts added The decoupling between the two might boost trading activity in bitcoin-ether pairs listed on major exchanges including Binance For traders the decoupling could present new opportunities to capture the relative value between the 2 tokens without involving the dollar In fact demand for options in the BTC/ETH cross has picked up lately in the OTC space Goyal said (UPDATE May 16 2023 09:37 UTC): Adds comments from Bitfinex
37,ETH,25 April 2023 at 7:50 am,Join the most important conversation in crypto and web3! Secure your seat today Ethereum’s Shanghai upgrade brought a record-breaking weekly inflow of ether (ETH) deposits for staking last week mainly driven by institutional staking service providers and investors reinvesting rewards after withdrawal crypto analysts said Investors deposited some 571950 ETH tokens into staking contracts worth more than $1 billion according to a Dune Analytics data dashboard created by Tom Wan an analyst of digital asset investment firm 21Shares  This was the largest weekly token inflow in ether staking’s almost two-and-a-half-year history per blockchain data provided by 21Shares The Ethereum blockchain completed its highly anticipated tech upgrade often called Shanghai or Shapella on April 12 The initiative enabled the withdrawal of tokens previously locked-up in staking contracts for the first time It was the last key step after last year’s Merge to complete the network’s transition to validating transactions through staking from a mining-based system ETH the network’s native token and the second-largest cryptocurrency by market capitalization after bitcoin (BTC) surged following the successful implementation of the upgrade but relinquished all its gains last week in a broader crypto market sell-off caused mostly by macroeconomic concerns about inflation and a looming recession ETH staking deposits (Dune Analytics 21Shares) Institutional ETH staking Institutional staking services drove the deposit surge in ETH staking Wan tweeted Since the Shanghai upgrade went live the top five institutional-grade staking service providers – Bitcoin Suisse Figment Kiln Stakedus and Stakefish – staked a total of 235330 ETH combined worth some $450 million according to 21Shares’ Dune dashboard CoinDesk reported last week that the Shanghai upgrade boosted demand for ETH staking among institutional investors including traditional finance (TradFi) firms The increased interest also highlights that enabling withdrawals from Ethereum’s proof-of-stake chain has significantly reduced the liquidity risk associated with locking up tokens Wan added in a separate tweet Story continues Restaking rewards Another likely catalyst for the record inflow has been investors choosing to reinvest their previously earned and withdrawn rewards from staking Anders Helseth vice president of digital asset market research firm K33 Research explained in an emailed note Through the first eight days after the upgrade investors withdrew some 900000 ETH in staking rewards Meanwhile staking deposits totaled some 667000 tokens which was six times larger than the amount deposited during the last eight days before allowing withdrawals The dynamic indicates that investors decided to restake a large part of the withdrawn rewards Helseth wrote (K33 Research) Reduced selling pressure The Shanghai upgrade was a net positive in terms of total staking inflows Noelle Acheson a market analyst and former head of research at Genesis Trading and CoinDesk (both subsidiaries of Digital Currency Group) wrote in a newsletter Monday So far the rhythm of new deposits has exceeded the amount leaving the network if rewards can be excluded she said The reason for differentiating reward withdrawals from full exits comes from how Ethereum’s staking system works Individual stakers or staking services have to lock up exactly 32 ETH to open a node and earn rewards for securing the network Keeping the accrued rewards in the validator node does not improve the node’s return Acheson explained that it’s logical for stakers to withdraw rewards bundle the tokens and establish new nodes to increase potential returns It seems this is what is happening she said Overall net inflow has been positive which suggests that a significant portion of these rewards are being restaked The trend of reinvesting rewards is also potentially a positive sign for ETH price as it reduces sell pressure according to Acheson which is likely to end up being much less than many feared
38,ETH,22 April 2023 at 5:27 am,Join the most important conversation in crypto and web3! Secure your seat today Ether (ETH) dropped to as low as $1833 Friday afternoon its lowest price since April 9 CoinDesk data shows The second-largest cryptocurrency by market capitalization has now erased all price gains of its recent rally following the seamless implementation last week of the highly anticipated Shanghai upgrade  ETH has declined more than 13% from a Tuesday high of $2118 It has fallen 53% over the past 24 hours as investors continue to weigh macroeconomic and crypto-industry focused uncertainties that have afflicted the wider digital asset market The April 12 hard fork the last major step in the transformation of the Ethereum blockchain from a proof-of-work to more energy-efficient proof-of-stake protocol enabled withdrawals of some $35 billion worth of tokens locked in staking contracts ETH began spiking a day after the event and surged to its highest level in 11 months It had been lingering below $2000 for most of the past year ETH’s steady decline since Tuesday has come amid a wider price slump Bitcoin was recently trading as low as about $27200 down more than 3% over the past 24 hours and has tumbled more than 10% from a high Tuesday comfortably above $30000 Crypto markets have been showing weakness in the past few days as concerns around sticky inflation stock market earnings and looming recession have dragged prices lower Edward Moya senior market analyst of foreign exchange market maker Oanda said Thursday on CoinDesk TV
39,ETH,18 May 2023 at 4:13 pm,On Tuesday a large ether (ETH) trade involving call options expiring in June and September crossed the tape on Deribit sparking discussions in the trading community about the nature of the flow Per data tracked by Amberdata On Tuesday a single entity booked a large block trade that involved the purchase of over 57000 contracts of ether's June expiry call option at the $2200 strike price and the sale of an equal amount of contracts of September expiry call at $2200 Singapore-based options trading giant QCP Capital was the market maker for the trade processed over the counter (OTC) and reported to Deribit Block trades are large transactions negotiated outside of the open market to ensure minimum impact on prices and are considered a proxy for institutional activity Tuesday's block traders in ether options (Amberdata)  A bet on volatility According to Luuk Strijers chief commercial officer at Deribit the bi-legged trade represents a calendar spread strategy designed to make money from a large ether price move away from the spread's strike price ie $2200 This week a large ETH calendar spread of almost 60k contracts was traded OTC and reported to Deribit via our block trade tool The investor most likely expects volatility to increase or the price of ETH to increase after the June expiry which are the key reasons to trade calendars Strijers said Expectations for price turbulence in ether as measured by Deribit's ether volatility index recently hit a record low Volatility is said to be mean reverting Thus unusually low readings often have traders betting on mean reversion or setting strategies that benefit from renewed wild price swings A trader with a short call calendar spread is not without risks and could in theory suffer an unlimited loss if the underlying asset remains steady Rollover of existing position Per Griffin Ardern a volatility trader from crypto asset management firm Blofin the block trade processed OTC does appear like a calendar spread at first but could be a rollover of covered call strategy from June expiry to September expiry Story continues The covered call strategy involves selling a call option against a long position in the spot market allowing coin holders to generate additional income The strategy is taken when holders do not expect a significant price rally in the near term A rollover means carrying forward the options position in this case a short call from the near-term expiry to contracts with longer expiry The covered call trader instantly receives a premium or compensation for selling a call option and for being obligated to deliver shares to the call buyer at a set price on or before the option's expiry date The trader retains the entire premium received if the underlying asset remains below the strike price at which the call is sold The premium retained constitutes extra income on top of the spot market holding If the underlying asset rallies the entity is hedged since it has effectively locked in the sale price of the stock by selling a call option but misses out on extended rallies Per Griffin the market participant an ETH holder likely set up a covered call strategy sometime early this year by selling June expiry calls at $2200 On Tuesday the trader bought back the June expiry calls and sold September expiry calls through the calendar spread effectively rolling over or moving the covered call position to far-month expiry It looks as though the entity sold a calendar spread but actually it rolled over a covered call Ardern told CoinDesk After the trade open interest in the June expiry $2200 call decreased while open interest in September expiry increased which means the trader rolled over the position from June to September Open interest refers to the number of open options positions at a particular strike price Judging from the behavioral characteristics of this trader he should be a whale holding coins most likely a miner Ardern added Markus Thielen head of research and strategy at Matrixport voiced a similar opinion saying the strategy could generate double-digit returns in annualized terms It could be a fund or someone naturally long Thielen told CoinDesk I probably get 15% to 20% annualized by selling covered calls Note that selling or writing calls whether as a standalone (naked) position or against coin holdings represent a bearish view on volatility Options are hedging instruments and demand for options depends on the degree of historical and expected price turbulence Selling volatility is fast becoming a preferred source of yield in the crypto market according to QCP Capital With the collapse of the borrowing and lending markets in crypto last year selling volatility has become a robust source of yield We’ve seen interest to sell covered calls or puts structurally to earn yields In this approach investors earn a yield on assets but the option seller takes on the risk of the option getting exercised QCP Capital told CoinDesk Edit (10:35 UTC): Updates the DEK
40,XRP,15 June 2023 at 6:36 am,XRP prices tumbled 85% in a day dropping the most among the largest cryptocurrencies as digital asset markets suffered a sudden sell-off Wednesday The token fell to as low as 4618 cents its lowest level this month according to CoinDesk Indices data XRP’s price hit almost 56 cents on Tuesday as traders bet that a much-anticipated document release related to an on-going lawsuit between payment firm Ripple Labs and the US Securities and Exchange Commission (SEC) could send XRP higher Read more: Why William Hinman’s Emails Matter to the XRP Army and the Crypto’s Price  XRP’s sharp downturn happened as bitcoin (BTC) and ether (ETH) the two leading cryptocurrencies by market capitalization lost key price levels Wednesday afternoon after the Federal Reserve’s latest interest rate decision Despite the Fed pausing its rate hike campaign after 14 months an event most traders thought would be bullish for prices BTC and ETH dropped below $25000 and $1700 respectively to 3-month lows The SEC sued Ripple in 2020 alleging that the firm sold unregistered securities namely XRP Ripple however historically has distanced itself from the token which powers some of its products and the XRP Ledger network XRP rallied earlier this week amid the release of emails from William Hinman former director of SEC’s Division of Corporation Finance Optimistic traders bet that Hinman’s speech would underscore SEC flawed reasoning for deeming the token a security pointing to a favorable outcome for Ripple Labs in its on-going lawsuit between the firm and the SEC Speculation about the lawsuit’s end have occasionally spurred enthusiastic XRP price predictions Currently we observe huge speculative narratives around Ripple which could potentially lead to a significant price increase for XRP in the next three to four months pushing its value to anywhere between $10 and $30 crypto hedge fund manager Thomas Kralow said in a note earlier this week
41,XRP,13 June 2023 at 8:08 pm,XRP prices jumped 74% in the past 24 hours to buck nominal gains in the broader crypto market as traders likely bet on a favorable outcome for payments company Ripple Labs in its ongoing Ripple vs SEC lawsuit Latest Coverage: Why the XRP Army Keeps Fighting These gains came as documents tied to William Hinman the former director of the US Securities and Exchange Commission (SEC)’s Division of Corporation Finance from 2017 to 2020 were released to the public in connection with the SEC's lawsuit against Ripple Labs  Hinman suggested in his 2018 speech that bitcoin (BTC) and ether (ETH) were not securities in his view We do not need to see a need to regulate Ether as it is currently offered as a security one of the Hinman emails read Latest Coverage: Hinman Emails Reveal 2018 Speech on Ether Drew Input From Multiple SEC Officials Ripple Labs claims Hinman’s remarks at the time mean XRP should not be considered a security – which could result in a favorable outcome for the payments firm In 2020 the SEC sued Ripple on allegations that the firm sold unregistered securities Ripple has historically maintained a distance from XRP the token that powers some of its products and the XRP Ledger network But any progress in the case has an impact on XRP prices
42,XRP,28 April 2023 at 8:30 pm,Blockchain company Ripple sold more than $361 million worth of XRP tokens in the first three months of the year up from $22631 million in the previous quarter it said in its latest XRP Markets Report The company builds global payment products and has developed the XRP payment system which it describes as decentralized While Ripple and XRP are separate entities Ripple uses XRP and XRP's public blockchain to power its products The sales were in connection with Ripple’s on-demand liquidity product which helps customers to move money around the world without the need for correspondent banking relationships  XRP Ledger on-chain activity remained strong with decentralized exchange volume increasing 34% from the fourth quarter to $115 million Ripple said it has sourced XRP from the open market to ensure there is sufficient supply available for the growing on-demand liquidity business The total sales by Ripple net of purchases ended the quarter at 044% of global XRP volume
43,XRP,4 April 2023 at 5:58 pm,Join the most important conversation in crypto and web3! Secure your seat today Solar (SXP) and icon (ICX) tokens are now popular bets for South Korean traders Both tokens have rallied by as much as 40% in the past 24 hours with hundreds of millions of dollars in trading volumes on local South Korean crypto exchanges  The ICX-Korean won token pair saw over $420 million in trading volume on Upbit a prominent South Korean exchange CoinGecko data shows The SXP-won trading pair saw over $490 million in volume more than either bitcoin (BTC) or ether (ETH) trading pairs In both cases trading volume exceeded market value: SXP had a market capitalization of $455 million at writing time on Tuesday while icon’s capitalization was just under $350 million The payments-focused blockchain Solar Network is the rebranded main network of Swipe which was previously a debit card provider Binance the world's largest crypto exchange by trading volume purchased Swipe in 2020 Last week Binance said it will support a token migration of SXP in the coming days – which may have buoyed recent interest ICX is popular in South Korea for its local roots The network allows users to transfer tokens between different blockchains allowing ICX to be used for staking network governance and collateralization on decentralized-finance platforms South Korean crypto traders have a record of pushing euphoric rallies on tokens The so-called Kimchi Premium originates from the region That's when the price of bitcoin on local exchanges can trade as much as 30% above the price on international exchanges Last week saw a similar rally in XRP: Upbit led global XRP trading volumes with more than $790 million worth of tokens traded over a 24-hour rolling period on March 30 Still there's reason to treat the figures with caution Some of the volume may be attributable to wash trading a manipulative technique in which traders continually buy and sell the same asset to drive up volume to create a false impression of market activity
44,XRP,13 April 2023 at 8:51 pm,Join the most important conversation in crypto and web3! Secure your seat today Terra is back in the news as the United States and South Korea vie for the extradition of Terraform Labs co-founder and CEO Do Kwon a Korean national who was recently arrested in Montenegro The Korean crypto community is likely more invested in the outcome but some actually prefer that Kwon be sent to the US because the punishment might be harsher there The collapse of the terraUSD stablecoin project reverberated throughout the world causing some $60 billion to evaporate But the longest shadow fell over Korea where it remains today  The 2022 crash was all over the local media which reported that the project had some 200000 local victims Even my grandpa knew about LUNA said SungMo Park head of Korea business development at Polygon Labs referring to Terra's luna token Projects that built on top of Terra found themselves homeless at least temporarily A once pro-crypto presidential administration started to appear much less enthusiastic To this day the state of crypto regulation in Korea is not terribly friendly Terraform Labs was based in Singapore not South Korea but the project played a special role in Kwon’s native country When I visited Seoul a few months ago memories of the crash were vivid I heard about people selling their homes to invest in luna as well as speculation that if Kwon had returned to Korea after the crash he likely would have been killed The downfall of a prominent Korean-born founder clearly had a psychological impact Do was a very young Korean leader making a big change in the global scene There was no software company in Korea that was making that kind of impact on the global level said Jiyun Kim CEO and co-founder of DSRV which ran a Terra validator in Korea He was a kind of north star for Korean crypto founders Koreans don’t really think Koreans are capable of going global said Lloyd Lee founder and CEO of Hyperithm a digital asset management firm that is based in both Seoul and Tokyo Story continues There were two stars that actually broke that belief One was [the K-pop boy band] BTS the second was Do Kwon Going sideways When it comes to crypto Korea is one of the most powerful markets in the world The Korean won is the second-most traded national currency for bitcoin (BTC) after the US dollar according to Coinhills A report by Korea’s Financial Intelligence Unit (FIU) in September said there were nearly seven million registered crypto users in Korea The digital asset industry market size was nearly 23 trillion won for the first half of 2022 or close to $18 billion at current exchange rates It dropped to 19 trillion won in the second half of the year according to a newer report There were two stars that actually broke that belief One was [the K-pop boy band] BTS the second was Do Kwon The Terra crash appears to have taken a toll on local crypto trading though of course there were other factors as well In the first half of 2022 the domestic virtual asset market showed a decrease of 58% in market capitalization compared to the second half of 2021 according to the FIU The report attributed this drop to the economic toll of the Ukraine crisis rising interest rates and decreasing liquidity as well as the decline in trust in virtual assets due to the Terra-Luna incident Unfortunately Terra's crash was not the end of the drama According to CoinGecko Korea was the hardest hit by FTXcom’s collapse Just this month the Korean exchange Gdac was hacked for nearly $13 million In December major crypto exchanges delisted the controversial token Wemix leading to a loss of nearly $300 million in market cap None of this would be reassuring to regulators and businesses who already suspected that crypto was unsafe The Terra crash among other factors seems to have had a political effect as well In last year’s presidential election candidates adopted crypto-friendly positions in an apparent attempt to win over young voters The winner President Yoon Suk-Yeol pledged to restrict taxes for crypto gains and allow initial coin offerings His win came with a flurry of media headlines suggesting a crypto-friendly administration with the price of at least one Korean crypto project soaring on these high hopes But Yoon assumed the presidency in May 2022 the very same month Terra collapsed The new government can’t just go pro-crypto when all this Terra-luna happened and people are losing their assets or money and companies are going bankrupt … and all these social problems are happening at the same time Hyperithm’s Lee said They can’t just say we’re going to keep our pro-crypto stance So they backed away a bit Hedging risk Earlier this year Korean media reported that lawmakers were working on the Digital Asset Basic Act (DABA) which collectively refers to 17 draft bills that largely focus on investor protection As of now none of these bills has passed We were on the way to make some new crypto legislation especially after the new presidential administration started But so far there has been almost no new regulation only discussions in Parliament said Jongbaek Park a partner at Bae Kim and Lee Terra Community AMA with Do Kwon (April 2021) (Terra) At present the focus of crypto regulation is mostly to prevent money laundering and terrorism Korea’s anti-money laundering (AML) act was amended in 2020 to include virtual-asset service providers (VASP) Korean crypto exchanges have to report to the FIU and they are obliged to do know-your-customer (KYC) checks with new clients as well as report suspicious transactions Meanwhile there are currently only five crypto exchanges that trade with Korean won The government was trying to restrict the number of VASPs to make anti-money laundering (AML) regulation stricter than before Park explains So they set up a guideline that if you want to have a virtual-asset service involving Korean won you should set up some special category of bank account The Korean government tends to place too much importance on the prevention of risks like investment protection protection of market stability rather than to encourage possible innovative effects to the market or community Park said AML regulation is good to get rid of bad actors such as those doing money laundering or terror financing Park added The problem is the government has not legislated other regulation The arrest of Do Kwon has helped bring crypto assets back into the regulatory spotlight adding some urgency to a long-delayed process CoinDesk Korea reported One crypto-related bill could be voted on as soon as this month and another could be considered next month The bills address protection of user deposits as well as the prohibition of the use of undisclosed information manipulation of market prices and illegal transactions Last year the Tera-luna scandal was still unresolved followed by the FTX scandal The pace of change in the digital-asset market is very fast so related bills should be carefully enacted according to the situation Yoon Chang-hyun a member of the National Assembly told CoinDesk Korea in late March The bill on digital-asset trading (currently pending in the National Assembly) is expected to be passed within the second quarter of this year Yoon said The first step is to enact a transaction law and the second step is to enact a basic law There was one sign of progress in February when Korea issued guidance on security token offerings or STO The Korean government didn’t want to permit token-type securities in general even though they had designated regulatory sandboxes for four STO projects These guidelines are a big change Park explained But a more careful look at the guidelines shows they are not as progressive as they first look The fact that the FSC announced STO guidelines is good news for crypto But if you go into the details of that guideline they have a restrictive attitude toward the extent of STOs For instance they essentially exclude public blockchains Park said Moving on It’s not uncommon for a country’s crypto trajectory to be shaped at least temporarily by traumatic events In Japan the Mt Gox and Coincheck exchange hacks spooked regulators and cast a multiyear chill over the domestic crypto community But those same events also spurred Japan to devise some of the clearest crypto regulations in the world The United States meanwhile is still reeling from the implosion of FTX which dealt a very visible black eye to an industry that already had plenty of detractors in Washington Partly due to recent crackdowns by the Securities and Exchange Commission some crypto businesses are now avoiding the United States The dust of the Terra crash has not completely settled in Korea though Kwon’s arrest does move this story a bit nearer to closure Several people told me that after the crash traditional Korean companies became more wary of being associated with crypto Before Terra all the big companies were joining the momentum Investment banks actually invited us to give them seminars on crypto [exchange-traded funds] or how they can pave their way into the crypto market But I guess now the attention has become a bit selective Hyperithm’s Lee says Not all the companies are interested in crypto anymore It is hard to know where Korea will ultimately end up on crypto regulation but its retail market is still showing its power Korea played a role in the recent surge of the XRP token to give just one example as XRP trading volume surged to billions of dollars on top local exchanges UpBit Bithumb and Korbit Whenever the next bull market comes retail traders will be back I had friends asking me at $60000 bitcoin if they should sell their house to buy bitcoin This all or nothing mentality is not uncommon in Korea said Anthony Yoon managing partner at ROK Capital Some previous members of the Terra community found other chains And in the crypto industry optimism remains strong Right now the wave is gaming companies said SungMo Park And I think the next wave will be entertainment We are good at gaming and entertainment and we have all the conditions to succeed In other words key parts of the Korean market are already moving past Terra’s demise It may be some time before we see crypto friendly regulation if it happens at all But Korean builders and traders are not all dwelling on the past People tend to move on quickly to the next hype or the next incident in order to keep up with the fast-moving Korean trends said Erica Kang founder and CEO of KryptoSeoul a community-building team in Korea When a huge devastating crash happens people are shocked of course and are negatively affected and they harshly criticize But then maybe weeks later they are back in the game 
45,XRP,15 May 2023 at 5:55 pm,The US Securities and Exchange Commission (SEC) wants to revise a $22 million penalty set on crypto startup LBRY to $111614 according to court documents from Friday The regulator cited LBRY's lack of funds and near-defunct status as reasons for withdrawing its previous request for fine In March last year the SEC sued LBRY on allegations that the sale of its native LBRY credits (LBC) violated federal securities laws In November a New Hampshire judge ruled the startup had violated securities laws by failing to register with the SEC  Jeremy Kauffman LBRY's founder has previously said this case could impact the wider crypto industry as the company maintained that LBC was not a security Ripple Labs has a similar defense as it faces SEC charges for the sale of $13 billion in XRP tokens The SEC's request to remedy the penalty also argued LBRY should be enjoined at least until it carries out its plans to dissolve the company and burn LBC tokens The company had previously argued the SEC's $22 million penalty was unwarranted comparing the sum to the regulator's $5 million settlement in its case against Kik over a $100 million unregistered token sale Read more: LBRY Token Rally Stalls as Traders Move on From Court Speculation
46,XRP,15 May 2023 at 5:55 pm,The US Securities and Exchange Commission (SEC) wants to revise a $22 million penalty set on crypto startup LBRY to $111614 according to court documents from Friday The regulator cited LBRY's lack of funds and near-defunct status as reasons for withdrawing its previous request for fine In March last year the SEC sued LBRY on allegations that the sale of its native LBRY credits (LBC) violated federal securities laws In November a New Hampshire judge ruled the startup had violated securities laws by failing to register with the SEC  Jeremy Kauffman LBRY's founder has previously said this case could impact the wider crypto industry as the company maintained that LBC was not a security Ripple Labs has a similar defense as it faces SEC charges for the sale of $13 billion in XRP tokens The SEC's request to remedy the penalty also argued LBRY should be enjoined at least until it carries out its plans to dissolve the company and burn LBC tokens The company had previously argued the SEC's $22 million penalty was unwarranted comparing the sum to the regulator's $5 million settlement in its case against Kik over a $100 million unregistered token sale Read more: LBRY Token Rally Stalls as Traders Move on From Court Speculation
47,XRP,18 May 2023 at 8:13 pm,This article originally appeared in First Mover CoinDesk’s daily newsletter putting the latest moves in crypto markets in context Subscribe to get it in your inbox every day Latest Prices  Top Stories  Bitcoin is up on Thursday after gaining ground late Wednesday alongside a rally in US equity markets on optimism that a debt-ceiling deal will be reached in the upcoming days The world’s largest cryptocurrency by market value began its rise Wednesday after touching a weekly low of $26500 At press time BTC was trading at around $27400 up 3% on the day Following a meeting at the White House US President Joe Biden and Congressmen from both sides of the aisle emphasized their commitment to soon reach a deal to raise the federal government's debt ceiling Ripple is starting a central bank digital currency (CBDC) platform which allows central banks governments and financial institutions to issue their own digital currency Using Ripple's platform government institutions can manage and customize the entire life cycle of the CBDC which includes minting distribution redemption and token burning Financial institutions would also be able to manage and participate in inter-institutional settlement and distribution functions using the CBDC Central banks can issue both wholesale and retail CBDCs which can make offline transactions as well The platform is an enhanced version of Ripple's Private Ledger which was started in 2021 for issuing CBDCs Bitcoin Frogs the newly-launched non-fungible token (NFT) fashioned after frogs has become the most-traded collection in the past 24 hours surpassing even prominent collections such as Bored Apes Bitcoin Frogs which launched in late February on Bitcoin Ordinals reached a trading volume of over $22 million data from CryptoSlam show The collection describes itself as 10000 unique frog collectibles minted directly on the Bitcoin Blockchain At the time of writing each NFT was selling for 012 bitcoin (BTC) or more than $3200 Buyers and sellers are paying trading fees ranging from $50 to over $1200 as of Thursday Story continues Chart of the Day Matrixport Matrixport's Bitcoin Greed and Fear Index has improved to 39 in the week ended May 17 from 22 in the preceding weekThe latest reading of 39% is almost jumping above the 21-day moving average (44%) and flipping could signal that short-term traders could expect higher prices when this flipping occurs Matrixport's daily note said Trending Posts US Bitcoin Corp to Host 150K Crypto Mining RigsBinance Australia Halts Australian Dollar Bank TransfersCrypto Perpetuals Exchange DYdX Considering the Launch of More SubDAOs
48,XRP,3 April 2023 at 4:48 pm,Bitcoin's price has risen by 6776% so far this year Photo: Dado Ruvic/Reuters Bitcoin (BTC-USD) has fallen below $28000 (£22730) as regulatory action against the crypto industry intensifies and the US government announces a schedule to sell 41490 BTC in 2023 The global cryptocurrency market cap stood at $121tn on Monday a drop of 21% according to Coingecko Bitcoin fell 22% to $27887 The recent price action has left bitcoin's market capitalisation at $538bn But bitcoin's price has risen by 6776% so far this year Ethereum (ETH-USD) fell 127% to $1790 Read more: Crypto live prices The Ethereum Foundation said last week that the blockchain's Shanghai hard fork featuring an upgrade enabling investors to withdraw their staked ETH for the first time is set for 12 April US to sell over 41000 bitcoin Last month the US government sold $216m worth of bitcoin that it had seized during a November 2021 search connected to cryptocurrency that had been stolen from the Silk Road dark web marketplace The bitcoin sold was a portion of a 50000 BTC haul that was seized following the arrest of James Zhong who pleaded guilty to wire fraud after the government alleged he manipulated the transaction system on Silk Road in 2012 The US government plans to sell the remaining 41490 bitcoins in four separate portions throughout 2023 according to a court filing  Ripple versus the SEC XRP (XRP-USD) climbed 306% to $05192 — a 1557% weekly increase It is thought that Ripple Labs whose crypto payment platform utilises XRP will soon resolve its ongoing legal battle with the US Securities and Exchange Commission (SEC) The SEC has accused the company and its executives of violating securities regulations SEC chair Gary Gensler asked Congress for $24bn in funding last Wednesday to enhance the agency's efforts in combating cryptocurrency-related malpractices  Binance versus the CFTC The cryptocurrency market has experienced instability due to last week's litigation from US regulators against crypto exchange Binance Story continues Last Monday the US Commodities Futures Trading Commission (CFTC) filed an enforcement action against Binance and its founder Changpeng 'CZ' Zhao According to the CFTC which has been investigating Binance’s business since 2021 the company failed to meet its regulatory obligations by not properly registering with the derivatives regulator The CFTC classifies bitcoin (BTC-USD) ethereum (ETH-USD) and litecoin (LTC-USD) as commodities and has accused Binance of conducting unregistered derivative trading with these digital assets Read more: Binance: Investors withdraw more than $2bn after enforcement action by US regulators Binance founder Changpeng CZ Zhao has also been accused of encouraging Americans to evade compliance controls by the US regulator UK banks restricting web3 firms claims report The UK cryptocurrency sector is finding it increasingly difficult to access banking services with restrictions on web3 firms holding back Britain's aspiration to become a global crypto hub a new report has claimed The few banks that continue to collaborate with web3 businesses are requiring more extensive documentation with problems ranging from having applications rejected to getting buried in paperwork according to the report by Bloomberg Web3 firm SavingBlocks said it applied to nine banking service providers for a corporate account and was turned down by seven of them Those that did offer services asked for insurmountable additional documentation There aren’t many options available most traditional banks won’t offer banking services to crypto firms Edouard Daunizeau SavingBlocks founder and CEO told Bloomberg With the recent string of events it will be even tougher so we are now seeking licenses in France where we think it will be easier Read more: Crypto live prices Some web3 founders have complained to the UK government saying that the limitations contradict prime minister Rishi Sunak's intention to prioritise financial technology innovation and establish the UK as a global crypto hub The UK banking reaction has been more acute than the EU one Tom Duff-Gordon vice president of international policy at Coinbase (COIN) told Bloomberg He said that the European Union's efforts to create a digital asset framework make banks in other countries more open to working with crypto firms The European parliamentary committee approved the Markets in Crypto Assets (MiCA) legislation in October with the final vote set to take place this month The UK is losing ground to the rest of Europe according to the Bloomberg report as data from PitchBook showed venture capital funding for UK digital asset companies has experienced a 94% decline over the past year The EU saw a 31% increase in investments during the same period Equity markets US stocks advanced on Friday as the Federal Reserve's preferred inflation measure indicated signs of cooling and a potential end to the Fed's monetary tightening cycle The tech-heavy Nasdaq (^IXIC) increased by 17% while the S&P 500 (^GSPC) and the Dow Jones Industrial Average (^DJI) gained 12% and 14% respectively Watch: Polygon to 'overtake Ethereum in terms of economic activity' claims co-founder | The Crypto Mile  {@context:https://schemaorg@type:VideoObjectname:Polygon to 'overtake Ethereum in terms of economic activity' claims co-founder | The Crypto Miledescription:On this week's episode of The Crypto Mile our host Brian McGleenon speaks to Mihailo Bjelic co-Founder of Polygon a layer two scaling solution that runs alongside the Ethereum blockchain and issuer of the Matic cryptocurrency<br><br>On March 27th Polygon announced their zkEVM technology So what is Polygon's zkEVM is the hype justified and will zkEVM be the solution to the age-old issue of scalability<br><br>In this episode Polygon's co-founder explains why the zkEVM upgrade can solve the problem of the blockchain tri-lemma which has foxed developers for years This being that either security decentralisation or scalability must be sacrificed to improve the performance of the other two factors when building a blockchain <br><br>The co-founder also discusses how this layer two will eclipse the economic activity currently on the Ethereum blockchain<br><br>Polygon has committed $1bn and raised $450m to build zkEVM which they claim massively improves transaction speeds and cuts transaction costs by over 90% \all while remaining fully compatible with Ethereum and retaining its robust security model\<br><br>In the interview Bjelic declared that the launch of the zkEVM upgrade is a critical step in seeing mass adoption of this web3 technology by the global technology e-commerce fashion and entertainment industriesthumbnailUrl:https://syimgcom/uu/api/res/12/h06I6jHYZ2Hm3JMOOygXw--~B/aD01NDA7dz05NjA7YXBwaWQ9eXRhY2h5b24-/https://syimgcom/os/creatr-uploaded-images/2023-03/f17c3fd0-cf18-11ed-976d-dcd0c1762527uploadDate:2023-03-31T07:00:23Zduration:PT14M7ScontentUrl:https://videomediayqlyahoocom/v1/video/sapi/hlsstreams/4ddce633-ae0f-367e-8756-e7a1b85d2c46m3u8site=finance&region=SG&lang=en-SG&devtype=desktop&src=sapiembedUrl:https://sgfinanceyahoocom/video/polygon-overtake-ethereum-terms-economic-070023985htmlformat=embedidentifier:4ddce633-ae0f-367e-8756-e7a1b85d2c46} Download the Yahoo Finance app available for Apple and Android
49,XRP,17 May 2023 at 8:00 pm,Blockchain firm Ripple has acquired Swiss-based crypto custody provider Metaco for $250 million the company said in a statement on Wednesday The purchase will allow Ripple to expand its offerings by incorporating the technology to custody issue and settle tokenized assets Metaco offers customers crucial and secure custody infrastructure allowing institutions to scale new business models in the crypto economy Diversifying into custody solutions will bring new revenue opportunities Ripple said adding that the acquisition is part of its strategy to broaden its presence beyond the US and its uncertain regulatory landscape  In 2020 Ripple and some of its executives faced a lawsuit from the US Securities and Exchange Commission regarding the unregistered sale of approximately $13 billion worth of XRP tokens Ripple CEO Brad Garlinghouse recently estimated that the legal battle will cost the company around $200 million while also cautioning crypto entrepreneurs against establishing their businesses in the US While the judge residing on the Ripple lawsuit said on Tuesday that the regulator cannot seal documents tied to former official William Hinman's 2018 speech on crypto and securities Read more: SEC Can't Seal Docs Tied to Hinman's Ether Speech Judge in Ripple Suit Rules According to a company spokesperson the acquisition was financed through a combination of cash and Ripple equity Metaco is a proven leader in institutional digital asset custody with an exceptional executive branch and a truly unmatched customer track record said Brad Garlinghouse CEO of Ripple Ripple will become the sole shareholder of Metaco which will continue to operate as an independent business unit led by its founder and CEO Adrien Treccani Read more: Ripple’s Tussle With SEC to Cost the Firm $200M CEO Garlinghouse Says: Report
